{"nm":"Komp 1","mn":"","layers":[{"ty":4,"nm":"Air","mn":"","sr":1,"st":0,"op":360,"ip":101,"hd":false,"cl":"","ln":"","ddd":0,"bm":0,"hasMask":false,"ao":0,"ks":{"a":{"a":0,"k":[0,0,0],"ix":1},"s":{"a":0,"k":[100,100,100],"ix":6},"sk":{"a":0,"k":0},"p":{"a":1,"k":[{"o":{"x":0.167,"y":0.167},"i":{"x":0.833,"y":0.833},"s":[254,219.25,0],"t":101,"ti":[-5.333,0,0],"to":[5.333,0,0]},{"o":{"x":0.167,"y":0.167},"i":{"x":0.833,"y":0.833},"s":[286,219.25,0],"t":106}],"ix":2},"r":{"a":0,"k":8.154,"ix":10},"sa":{"a":0,"k":0},"o":{"a":1,"k":[{"o":{"x":0.167,"y":0.167},"i":{"x":0.833,"y":0.833},"s":[100],"t":101},{"o":{"x":0.167,"y":0.167},"i":{"x":0.833,"y":0.833},"s":[0],"t":106}],"ix":11}},"ef":[],"shapes":[{"ty":"gr","bm":0,"cl":"","ln":"","hd":false,"mn":"ADBE Vector Group","nm":"Form 1","ix":1,"cix":2,"np":3,"it":[{"ty":"sh","bm":0,"cl":"","ln":"","hd":false,"mn":"ADBE Vector Shape - Group","nm":"Pfad 1","ix":1,"d":1,"ks":{"a":0,"k":{"c":true,"i":[[14.5,0],[-1,-3],[7,-13],[-20,3],[0,0],[0,0]],"o":[[-14.5,0],[1,3],[-7,13],[20,-3],[0,0],[0,0]],"v":[[24,-36],[8.5,-25.5],[-19,-22.5],[11,-2.5],[54.5,-12.5],[45.5,-22]]},"ix":2}},{"ty":"st","bm":0,"cl":"","ln":"","hd":false,"mn":"ADBE Vector Graphic - Stroke","nm":"Kontur 1","lc":1,"lj":1,"ml":4,"o":{"a":0,"k":100,"ix":4},"w":{"a":0,"k":0,"ix":5},"d":[],"c":{"a":0,"k":[1,1,1],"ix":3}},{"ty":"fl","bm":0,"cl":"","ln":"","hd":false,"mn":"ADBE Vector Graphic - Fill","nm":"Fläche 1","c":{"a":0,"k":[0.9961,0.7412,0.0706],"ix":4},"r":1,"o":{"a":0,"k":100,"ix":5}},{"ty":"tr","a":{"a":0,"k":[0,0],"ix":1},"s":{"a":0,"k":[57.03,56.364],"ix":3},"sk":{"a":0,"k":0,"ix":4},"p":{"a":0,"k":[0,0],"ix":2},"r":{"a":0,"k":0,"ix":6},"sa":{"a":0,"k":0,"ix":5},"o":{"a":0,"k":100,"ix":7}}]}],"ind":1},{"ty":4,"nm":"Maske","mn":"","sr":1,"st":0,"op":132,"ip":116,"hd":false,"cl":"","ln":"","ddd":0,"bm":0,"hasMask":false,"td":1,"ao":0,"ks":{"a":{"a":0,"k":[0,0,0],"ix":1},"s":{"a":0,"k":[100,100,100],"ix":6},"sk":{"a":0,"k":0},"p":{"a":0,"k":[200,200,0],"ix":2},"r":{"a":0,"k":0,"ix":10},"sa":{"a":0,"k":0},"o":{"a":0,"k":100,"ix":11}},"ef":[],"shapes":[{"ty":"gr","bm":0,"cl":"","ln":"","hd":false,"mn":"ADBE Vector Group","nm":"Rechteck 1","ix":1,"cix":2,"np":3,"it":[{"ty":"rc","bm":0,"cl":"","ln":"","hd":false,"mn":"ADBE Vector Shape - Rect","nm":"Rechteckpfad: 1","d":1,"p":{"a":0,"k":[0,0],"ix":3},"r":{"a":0,"k":0,"ix":4},"s":{"a":0,"k":[310.843,107.525],"ix":2}},{"ty":"st","bm":0,"cl":"","ln":"","hd":false,"mn":"ADBE Vector Graphic - Stroke","nm":"Kontur 1","lc":1,"lj":1,"ml":4,"o":{"a":0,"k":100,"ix":4},"w":{"a":0,"k":0,"ix":5},"d":[],"c":{"a":0,"k":[1,1,1],"ix":3}},{"ty":"fl","bm":0,"cl":"","ln":"","hd":false,"mn":"ADBE Vector Graphic - Fill","nm":"Fläche 1","c":{"a":0,"k":[0.9961,0.7412,0.0706],"ix":4},"r":1,"o":{"a":0,"k":100,"ix":5}},{"ty":"tr","a":{"a":0,"k":[0,0],"ix":1},"s":{"a":0,"k":[147.241,100],"ix":3},"sk":{"a":0,"k":0,"ix":4},"p":{"a":0,"k":[-5.396,73.924],"ix":2},"r":{"a":0,"k":0,"ix":6},"sa":{"a":0,"k":0,"ix":5},"o":{"a":0,"k":100,"ix":7}}]}],"ind":2},{"ty":4,"nm":"SQ 2","mn":"","sr":1,"st":0,"op":360,"ip":97,"hd":false,"cl":"","ln":"","ddd":0,"bm":0,"tt":2,"hasMask":false,"ao":0,"ks":{"a":{"a":0,"k":[136.621,-6.006,0],"ix":1},"s":{"a":0,"k":[100,100,100],"ix":6},"sk":{"a":0,"k":0},"p":{"a":0,"k":[-302.398,-119.394,0],"ix":2},"r":{"a":0,"k":30,"ix":10},"sa":{"a":0,"k":0},"o":{"a":0,"k":100,"ix":11}},"ef":[],"shapes":[{"ty":"gr","bm":0,"cl":"","ln":"","hd":false,"mn":"ADBE Vector Group","nm":"Rechteck 1","ix":1,"cix":2,"np":3,"it":[{"ty":"sh","bm":0,"cl":"","ln":"","hd":false,"mn":"ADBE Vector Shape - Group","nm":"Pfad 1","ix":1,"d":1,"ks":{"a":1,"k":[{"o":{"x":0.167,"y":0.167},"i":{"x":0.833,"y":0.833},"s":[{"c":true,"i":[[0,0],[0,0],[0,0],[0,0],[0,0],[0,0],[0,0],[0,0]],"o":[[0,0],[0,0],[0,0],[0,0],[0,0],[0,0],[0,0],[0,0]],"v":[[31,-27],[39.729,2.084],[31,27],[-2.961,36.404],[-31,27],[-38.314,-2.51],[-31,-27],[1.164,-33.861]]}],"t":97},{"o":{"x":0.167,"y":0.167},"i":{"x":0.833,"y":0.833},"s":[{"c":true,"i":[[0,0],[0,0],[0,0],[0,0],[0,0],[0,0],[0,0],[0,0]],"o":[[0,0],[0,0],[0,0],[0,0],[0,0],[0,0],[0,0],[0,0]],"v":[[31,-27],[31,2.581],[31,27],[0.406,27],[-31,27],[-31,7.023],[-31,-27],[3.749,-27]]}],"t":98},{"o":{"x":0.167,"y":0.167},"i":{"x":0.833,"y":0.833},"s":[{"c":true,"i":[[0,0],[0,0],[0,0],[0,0],[0,0],[0,0],[0,0],[0,0]],"o":[[0,0],[0,0],[0,0],[0,0],[0,0],[0,0],[0,0],[0,0]],"v":[[31,-27],[31,2.581],[31,27],[0.406,27],[-31,27],[-31,7.023],[-31,-27],[3.749,-27]]}],"t":100},{"o":{"x":0.167,"y":0.167},"i":{"x":0.833,"y":0.833},"s":[{"c":true,"i":[[0,0],[0,0],[0,0],[18.601,-0.275],[0,0],[0,0],[0,0],[-18.74,0.122]],"o":[[0,0],[0,0],[0,0],[-18.601,0.275],[0,0],[0,0],[0,0],[18.74,-0.122]],"v":[[31,-27],[31,2.581],[31,27],[-1.875,17.418],[-30.856,26.422],[-31,7.023],[-30.52,-24.107],[3.284,-33.17]]}],"t":101},{"o":{"x":0.167,"y":0.167},"i":{"x":0.833,"y":0.833},"s":[{"c":true,"i":[[0,0],[0,0],[0,0],[0,0],[0,0],[0,0],[0,0],[0,0]],"o":[[0,0],[0,0],[0,0],[0,0],[0,0],[0,0],[0,0],[0,0]],"v":[[31,-27],[31,2.581],[31,27],[0.406,27],[-31,27],[-31,7.023],[-31,-27],[3.749,-27]]}],"t":111},{"o":{"x":0.167,"y":0.167},"i":{"x":0.833,"y":0.833},"s":[{"c":true,"i":[[0,0],[0,0],[0,0],[0,0],[0,0],[0,0],[0,0],[0,0]],"o":[[0,0],[0,0],[0,0],[0,0],[0,0],[0,0],[0,0],[0,0]],"v":[[29.257,-19.317],[29.257,1.76],[29.257,19.158],[-8.952,19.158],[-48.175,19.158],[-48.175,4.924],[-48.175,-19.317],[-4.776,-19.317]]}],"t":116}],"ix":2}},{"ty":"st","bm":0,"cl":"","ln":"","hd":false,"mn":"ADBE Vector Graphic - Stroke","nm":"Kontur 1","lc":1,"lj":1,"ml":4,"o":{"a":0,"k":100,"ix":4},"w":{"a":0,"k":0,"ix":5},"d":[],"c":{"a":0,"k":[1,1,1],"ix":3}},{"ty":"fl","bm":0,"cl":"","ln":"","hd":false,"mn":"ADBE Vector Graphic - Fill","nm":"Fläche 1","c":{"a":0,"k":[0.9294,0.1059,0.1843],"ix":4},"r":1,"o":{"a":0,"k":100,"ix":5}},{"ty":"tr","a":{"a":0,"k":[0,0],"ix":1},"s":{"a":0,"k":[100,100],"ix":3},"sk":{"a":0,"k":0,"ix":4},"p":{"a":0,"k":[134.387,-7.094],"ix":2},"r":{"a":0,"k":0,"ix":6},"sa":{"a":0,"k":0,"ix":5},"o":{"a":0,"k":100,"ix":7}}]}],"ind":3,"parent":13},{"ty":4,"nm":"Speed 2","mn":"","sr":1,"st":112,"op":120,"ip":112,"hd":false,"cl":"","ln":"","ddd":0,"bm":0,"hasMask":false,"ao":0,"ks":{"a":{"a":0,"k":[-137.625,2.875,0],"ix":1},"s":{"a":0,"k":[100,100,100],"ix":6},"sk":{"a":0,"k":0},"p":{"a":0,"k":[340.625,186.375,0],"ix":2},"r":{"a":0,"k":0,"ix":10},"sa":{"a":0,"k":0},"o":{"a":0,"k":100,"ix":11}},"ef":[],"shapes":[{"ty":"gr","bm":0,"cl":"","ln":"","hd":false,"mn":"ADBE Vector Group","nm":"Form 1","ix":1,"cix":2,"np":9,"it":[{"ty":"sh","bm":0,"cl":"","ln":"","hd":false,"mn":"ADBE Vector Shape - Group","nm":"Pfad 4","ix":1,"d":1,"ks":{"a":0,"k":{"c":false,"i":[[0,0],[0,0]],"o":[[0,0],[0,0]],"v":[[-138.75,-9.75],[-139.25,17.75]]},"ix":2}},{"ty":"sh","bm":0,"cl":"","ln":"","hd":false,"mn":"ADBE Vector Shape - Group","nm":"Pfad 5","ix":2,"d":1,"ks":{"a":0,"k":{"c":false,"i":[[0,0],[0,0]],"o":[[0,0],[0,0]],"v":[[-128.75,-10.5],[-129.25,17]]},"ix":2}},{"ty":"sh","bm":0,"cl":"","ln":"","hd":false,"mn":"ADBE Vector Shape - Group","nm":"Pfad 1","ix":3,"d":1,"ks":{"a":0,"k":{"c":false,"i":[[0,0],[0,0]],"o":[[0,0],[0,0]],"v":[[-155.25,-11.5],[-155.5,16.25]]},"ix":2}},{"ty":"sh","bm":0,"cl":"","ln":"","hd":false,"mn":"ADBE Vector Shape - Group","nm":"Pfad 3","ix":4,"d":1,"ks":{"a":0,"k":{"c":false,"i":[[0,0],[0,0]],"o":[[0,0],[0,0]],"v":[[-146.5,-12],[-147,7]]},"ix":2}},{"ty":"sh","bm":0,"cl":"","ln":"","hd":false,"mn":"ADBE Vector Shape - Group","nm":"Pfad 2","ix":5,"d":1,"ks":{"a":0,"k":{"c":false,"i":[[0,0],[0,0]],"o":[[0,0],[0,0]],"v":[[-119.75,-11],[-120.25,8]]},"ix":2}},{"ty":"st","bm":0,"cl":"","ln":"","hd":false,"mn":"ADBE Vector Graphic - Stroke","nm":"Kontur 1","lc":1,"lj":1,"ml":4,"o":{"a":0,"k":100,"ix":4},"w":{"a":0,"k":1,"ix":5},"d":[],"c":{"a":0,"k":[1,1,1],"ix":3}},{"ty":"fl","bm":0,"cl":"","ln":"","hd":false,"mn":"ADBE Vector Graphic - Fill","nm":"Fläche 1","c":{"a":0,"k":[1,1,1],"ix":4},"r":1,"o":{"a":0,"k":100,"ix":5}},{"ty":"gr","bm":0,"cl":"","ln":"","hd":false,"mn":"ADBE Vector Group","nm":"Form 1","ix":8,"cix":2,"np":2,"it":[{"ty":"st","bm":0,"cl":"","ln":"","hd":false,"mn":"ADBE Vector Graphic - Stroke","nm":"Kontur 1","lc":1,"lj":1,"ml":4,"o":{"a":0,"k":100,"ix":4},"w":{"a":0,"k":1,"ix":5},"d":[],"c":{"a":0,"k":[1,1,1],"ix":3}},{"ty":"fl","bm":0,"cl":"","ln":"","hd":false,"mn":"ADBE Vector Graphic - Fill","nm":"Fläche 1","c":{"a":0,"k":[1,1,1],"ix":4},"r":1,"o":{"a":0,"k":100,"ix":5}},{"ty":"tr","a":{"a":0,"k":[0,0],"ix":1},"s":{"a":0,"k":[100,100],"ix":3},"sk":{"a":0,"k":0,"ix":4},"p":{"a":0,"k":[0,0],"ix":2},"r":{"a":0,"k":0,"ix":6},"sa":{"a":0,"k":0,"ix":5},"o":{"a":0,"k":100,"ix":7}}]},{"ty":"tm","bm":0,"cl":"","ln":"","hd":false,"mn":"ADBE Vector Filter - Trim","nm":"Pfade trimmen 1","ix":9,"e":{"a":1,"k":[{"o":{"x":0.167,"y":0.167},"i":{"x":0.833,"y":0.833},"s":[100],"t":112},{"o":{"x":0.167,"y":0.167},"i":{"x":0.833,"y":0.833},"s":[100],"t":118},{"o":{"x":0.167,"y":0.167},"i":{"x":0.833,"y":0.833},"s":[1],"t":120}],"ix":2},"o":{"a":0,"k":0,"ix":3},"s":{"a":1,"k":[{"o":{"x":0.167,"y":0.167},"i":{"x":0.833,"y":0.833},"s":[100],"t":112},{"o":{"x":0.167,"y":0.167},"i":{"x":0.833,"y":0.833},"s":[0],"t":118}],"ix":1},"m":1},{"ty":"tr","a":{"a":0,"k":[-137.555,2.476],"ix":1},"s":{"a":0,"k":[100,100],"ix":3},"sk":{"a":0,"k":0,"ix":4},"p":{"a":0,"k":[-137.555,2.476],"ix":2},"r":{"a":0,"k":180,"ix":6},"sa":{"a":0,"k":0,"ix":5},"o":{"a":0,"k":100,"ix":7}}]}],"ind":4},{"ty":4,"nm":"Hex","mn":"","sr":1,"st":3,"op":97,"ip":66,"hd":false,"cl":"","ln":"","ddd":0,"bm":0,"hasMask":false,"ao":0,"ks":{"a":{"a":0,"k":[-136.707,-5.007,0],"ix":1},"s":{"a":0,"k":[100,100,100],"ix":6},"sk":{"a":0,"k":0},"p":{"a":0,"k":[-300.906,-118.188,0],"ix":2},"r":{"a":0,"k":30,"ix":10},"sa":{"a":0,"k":0},"o":{"a":0,"k":100,"ix":11}},"ef":[],"shapes":[{"ty":"gr","bm":0,"cl":"","ln":"","hd":false,"mn":"ADBE Vector Group","nm":"Sternengruppe 1","ix":1,"cix":2,"np":3,"it":[{"ty":"sh","bm":0,"cl":"","ln":"","hd":false,"mn":"ADBE Vector Shape - Group","nm":"Pfad 1","ix":1,"d":1,"ks":{"a":1,"k":[{"o":{"x":0.167,"y":0.167},"i":{"x":0.833,"y":0.833},"s":[{"c":true,"i":[[-15.874,1.954],[-9.131,-16.543],[6.375,-12.77],[19.04,-2.652],[7.929,8.023],[-5.447,11.347]],"o":[[15.874,-1.954],[9.131,16.543],[-6.375,12.77],[-19.04,2.652],[-7.929,-8.023],[5.447,-11.347]],"v":[[0,-33.461],[28.978,-16.73],[32.904,16.716],[5.956,42.596],[-22.066,14.804],[-28.978,-16.73]]}],"t":66},{"o":{"x":0.167,"y":0.167},"i":{"x":0.833,"y":0.833},"s":[{"c":true,"i":[[0,0],[0,0],[0,0],[0,0],[0,0],[0,0]],"o":[[0,0],[0,0],[0,0],[0,0],[0,0],[0,0]],"v":[[0,-33.461],[28.978,-16.73],[28.978,16.73],[0,33.461],[-28.978,16.73],[-28.978,-16.73]]}],"t":68},{"o":{"x":0.167,"y":0.167},"i":{"x":0.833,"y":0.833},"s":[{"c":true,"i":[[0,0],[0,0],[0,0],[0,0],[0,0],[0,0]],"o":[[0,0],[0,0],[0,0],[0,0],[0,0],[0,0]],"v":[[0,-33.461],[28.978,-16.73],[28.978,16.73],[0,33.461],[-28.978,16.73],[-28.978,-16.73]]}],"t":95},{"o":{"x":0.167,"y":0.167},"i":{"x":0.833,"y":0.833},"s":[{"c":true,"i":[[0,0],[0,0],[0,0],[0,0],[0,0],[0,0]],"o":[[0,0],[0,0],[0,0],[0,0],[0,0],[0,0]],"v":[[-18.874,-38.83],[28.978,-16.73],[28.978,16.73],[13.52,36.341],[-28.978,16.73],[-28.978,-16.73]]}],"t":96}],"ix":2}},{"ty":"st","bm":0,"cl":"","ln":"","hd":false,"mn":"ADBE Vector Graphic - Stroke","nm":"Kontur 1","lc":1,"lj":1,"ml":4,"o":{"a":0,"k":100,"ix":4},"w":{"a":0,"k":0,"ix":5},"d":[],"c":{"a":0,"k":[1,1,1],"ix":3}},{"ty":"fl","bm":0,"cl":"","ln":"","hd":false,"mn":"ADBE Vector Graphic - Fill","nm":"Fläche 1","c":{"a":0,"k":[0.2,0.2078,0.4902],"ix":4},"r":1,"o":{"a":0,"k":100,"ix":5}},{"ty":"tr","a":{"a":0,"k":[0,0],"ix":1},"s":{"a":0,"k":[85.672,86.044],"ix":3},"sk":{"a":0,"k":0,"ix":4},"p":{"a":0,"k":[-136.707,-5.007],"ix":2},"r":{"a":0,"k":-90,"ix":6},"sa":{"a":0,"k":0,"ix":5},"o":{"a":0,"k":100,"ix":7}}]}],"ind":5,"parent":13},{"ty":4,"nm":"Hex S 2","mn":"","sr":1,"st":-2,"op":358,"ip":71,"hd":false,"cl":"","ln":"","ddd":0,"bm":0,"hasMask":false,"ao":0,"ks":{"a":{"a":0,"k":[-155.875,-126.375,0],"ix":1},"s":{"a":0,"k":[92,92,100],"ix":6},"sk":{"a":0,"k":0},"p":{"a":1,"k":[{"o":{"x":0.167,"y":0.167},"i":{"x":0.833,"y":0.833},"s":[46.125,184.625,0],"t":71,"ti":[-16.126,-0.291,0],"to":[2.747,-14.878,0]},{"o":{"x":0.167,"y":0.167},"i":{"x":0.833,"y":0.833},"s":[89.626,142.292,0],"t":75,"ti":[-11.753,-0.212,0],"to":[28.092,0.506,0]},{"o":{"x":0.167,"y":0.167},"i":{"x":0.833,"y":0.833},"s":[160.625,197.625,0],"t":83}],"ix":2},"r":{"a":1,"k":[{"o":{"x":0.167,"y":0.167},"i":{"x":0.833,"y":0.833},"s":[0],"t":71},{"o":{"x":0.167,"y":0.167},"i":{"x":0.833,"y":0.833},"s":[180],"t":83}],"ix":10},"sa":{"a":0,"k":0},"o":{"a":1,"k":[{"o":{"x":0.167,"y":0.167},"i":{"x":0.833,"y":0.833},"s":[100],"t":80},{"o":{"x":0.167,"y":0.167},"i":{"x":0.833,"y":0.833},"s":[0],"t":83}],"ix":11}},"ef":[],"shapes":[{"ty":"gr","bm":0,"cl":"","ln":"","hd":false,"mn":"ADBE Vector Group","nm":"Sternengruppe 1","ix":1,"cix":2,"np":3,"it":[{"ty":"sr","bm":0,"cl":"","ln":"","hd":false,"mn":"ADBE Vector Shape - Star","nm":"Sternengruppe-Pfad: 1","ix":1,"d":1,"ir":{"a":0,"k":6.074,"ix":6},"is":{"a":0,"k":0,"ix":8},"pt":{"a":0,"k":3,"ix":3},"p":{"a":0,"k":[0,0],"ix":4},"or":{"a":0,"k":12.149,"ix":7},"os":{"a":0,"k":0,"ix":9},"r":{"a":0,"k":151.376,"ix":5},"sy":1},{"ty":"st","bm":0,"cl":"","ln":"","hd":false,"mn":"ADBE Vector Graphic - Stroke","nm":"Kontur 1","lc":1,"lj":1,"ml":4,"o":{"a":0,"k":100,"ix":4},"w":{"a":0,"k":0,"ix":5},"d":[],"c":{"a":0,"k":[1,1,1],"ix":3}},{"ty":"fl","bm":0,"cl":"","ln":"","hd":false,"mn":"ADBE Vector Graphic - Fill","nm":"Fläche 1","c":{"a":0,"k":[0.4314,0.4667,1],"ix":4},"r":1,"o":{"a":0,"k":100,"ix":5}},{"ty":"tr","a":{"a":0,"k":[0,0],"ix":1},"s":{"a":0,"k":[100,100],"ix":3},"sk":{"a":0,"k":0,"ix":4},"p":{"a":0,"k":[-153,-127],"ix":2},"r":{"a":0,"k":0,"ix":6},"sa":{"a":0,"k":0,"ix":5},"o":{"a":0,"k":100,"ix":7}}]}],"ind":6},{"ty":4,"nm":"Hex S 1","mn":"","sr":1,"st":-2,"op":358,"ip":71,"hd":false,"cl":"","ln":"","ddd":0,"bm":0,"hasMask":false,"ao":0,"ks":{"a":{"a":0,"k":[-151.875,-56.25,0],"ix":1},"s":{"a":1,"k":[{"o":{"x":0.167,"y":0.167},"i":{"x":0.833,"y":0.833},"s":[87,87,100],"t":71},{"o":{"x":0.167,"y":0.167},"i":{"x":0.833,"y":0.833},"s":[100,100,100],"t":75}],"ix":6},"sk":{"a":0,"k":0},"p":{"a":1,"k":[{"o":{"x":0.167,"y":0.167},"i":{"x":0.833,"y":0.833},"s":[50.375,168.875,0],"t":71,"ti":[-15.369,8.494,0],"to":[3.083,-8.917,0]},{"o":{"x":0.167,"y":0.167},"i":{"x":0.833,"y":0.833},"s":[68.875,115.375,0],"t":75,"ti":[-13.75,-3.917,0],"to":[63.333,-35,0]},{"o":{"x":0.167,"y":0.167},"i":{"x":0.833,"y":0.833},"s":[151.375,138.875,0],"t":82}],"ix":2},"r":{"a":1,"k":[{"o":{"x":0.167,"y":0.167},"i":{"x":0.833,"y":0.833},"s":[-16],"t":71},{"o":{"x":0.167,"y":0.167},"i":{"x":0.833,"y":0.833},"s":[34],"t":75},{"o":{"x":0.167,"y":0.167},"i":{"x":0.833,"y":0.833},"s":[70],"t":82}],"ix":10},"sa":{"a":0,"k":0},"o":{"a":1,"k":[{"o":{"x":0.167,"y":0.167},"i":{"x":0.833,"y":0.833},"s":[100],"t":75},{"o":{"x":0.167,"y":0.167},"i":{"x":0.833,"y":0.833},"s":[0],"t":82}],"ix":11}},"ef":[],"shapes":[{"ty":"gr","bm":0,"cl":"","ln":"","hd":false,"mn":"ADBE Vector Group","nm":"Form 1","ix":1,"cix":2,"np":3,"it":[{"ty":"sh","bm":0,"cl":"","ln":"","hd":false,"mn":"ADBE Vector Shape - Group","nm":"Pfad 1","ix":1,"d":1,"ks":{"a":0,"k":{"c":true,"i":[[0,0],[3.125,-3.875],[-3.125,-1.625],[-1.789,3.032]],"o":[[0,0],[-3.125,3.875],[3.125,1.625],[2.301,-3.9]],"v":[[-145.125,-62.125],[-159.25,-55],[-159.5,-45.875],[-150.25,-50.625]]},"ix":2}},{"ty":"st","bm":0,"cl":"","ln":"","hd":false,"mn":"ADBE Vector Graphic - Stroke","nm":"Kontur 1","lc":1,"lj":1,"ml":4,"o":{"a":0,"k":100,"ix":4},"w":{"a":0,"k":0,"ix":5},"d":[],"c":{"a":0,"k":[1,1,1],"ix":3}},{"ty":"fl","bm":0,"cl":"","ln":"","hd":false,"mn":"ADBE Vector Graphic - Fill","nm":"Fläche 1","c":{"a":0,"k":[0.4235,0.8706,1],"ix":4},"r":1,"o":{"a":0,"k":100,"ix":5}},{"ty":"tr","a":{"a":0,"k":[-153.533,-53.679],"ix":1},"s":{"a":0,"k":[119.383,128.761],"ix":3},"sk":{"a":0,"k":0,"ix":4},"p":{"a":0,"k":[-152.923,-55.391],"ix":2},"r":{"a":0,"k":-180.464,"ix":6},"sa":{"a":0,"k":0,"ix":5},"o":{"a":0,"k":100,"ix":7}}]}],"ind":7},{"ty":4,"nm":"\u0010Triangle","mn":"","sr":1,"st":3,"op":66,"ip":37,"hd":false,"cl":"","ln":"","ddd":0,"bm":0,"hasMask":false,"ao":0,"ks":{"a":{"a":0,"k":[139.515,-2.392,0],"ix":1},"s":{"a":0,"k":[100,100,100],"ix":6},"sk":{"a":0,"k":0},"p":{"a":0,"k":[-311.559,-110.686,0],"ix":2},"r":{"a":0,"k":-90,"ix":10},"sa":{"a":0,"k":0},"o":{"a":0,"k":100,"ix":11}},"ef":[],"shapes":[{"ty":"gr","bm":0,"cl":"","ln":"","hd":false,"mn":"ADBE Vector Group","nm":"Sternengruppe 1","ix":1,"cix":2,"np":3,"it":[{"ty":"sh","bm":0,"cl":"","ln":"","hd":false,"mn":"ADBE Vector Shape - Group","nm":"Pfad 1","ix":1,"d":1,"ks":{"a":1,"k":[{"o":{"x":0.167,"y":0.167},"i":{"x":0.833,"y":0.833},"s":[{"c":true,"i":[[-10.261,-0.204],[1.987,-5.228],[12.428,14.043]],"o":[[10.261,0.204],[-1.987,5.228],[-18.557,-19.494]],"v":[[0,-30.313],[26.252,15.156],[-29.91,16.098]]}],"t":37},{"o":{"x":0.167,"y":0.167},"i":{"x":0.833,"y":0.833},"s":[{"c":true,"i":[[0,0],[0,0],[0,0]],"o":[[0,0],[0,0],[0,0]],"v":[[0,-30.313],[26.252,15.156],[-26.252,15.156]]}],"t":38},{"o":{"x":0.167,"y":0.167},"i":{"x":0.833,"y":0.833},"s":[{"c":true,"i":[[0.034,-0.266],[0,0],[0,0]],"o":[[7.602,23.044],[0,0],[0,0]],"v":[[0,-30.313],[26.252,15.156],[-26.252,15.156]]}],"t":41},{"o":{"x":0.167,"y":0.167},"i":{"x":0.833,"y":0.833},"s":[{"c":true,"i":[[-1.673,30.392],[0,0],[0,0]],"o":[[26.444,13.868],[0,0],[0,0]],"v":[[-7.699,-31.68],[26.252,15.156],[-26.252,15.156]]}],"t":44},{"o":{"x":0.167,"y":0.167},"i":{"x":0.833,"y":0.833},"s":[{"c":true,"i":[[0,0],[0,0],[0,0]],"o":[[0,0],[0,0],[0,0]],"v":[[0,-30.313],[26.252,15.156],[-26.252,15.156]]}],"t":49},{"o":{"x":0.167,"y":0.167},"i":{"x":0.833,"y":0.833},"s":[{"c":true,"i":[[0,0],[0,0],[0,0]],"o":[[0,0],[0,0],[0,0]],"v":[[0,-30.313],[26.252,15.156],[-26.252,15.156]]}],"t":55},{"o":{"x":0.167,"y":0.167},"i":{"x":0.833,"y":0.833},"s":[{"c":true,"i":[[0.311,0.06],[0,0],[0,0]],"o":[[2.311,31.899],[0,0],[0,0]],"v":[[8.868,-29.471],[26.252,15.156],[-25.135,9.252]]}],"t":60},{"o":{"x":0.167,"y":0.167},"i":{"x":0.833,"y":0.833},"s":[{"c":true,"i":[[0,0],[0,0],[0,0]],"o":[[0,0],[0,0],[0,0]],"v":[[0,-30.313],[26.252,15.156],[-26.252,15.156]]}],"t":62},{"o":{"x":0.167,"y":0.167},"i":{"x":0.833,"y":0.833},"s":[{"c":true,"i":[[0,0],[0,0],[0,0]],"o":[[0,0],[0,0],[0,0]],"v":[[0,-30.313],[26.252,15.156],[-26.252,15.156]]}],"t":64},{"o":{"x":0.167,"y":0.167},"i":{"x":0.833,"y":0.833},"s":[{"c":true,"i":[[-17.51,-4.809],[10.284,-19.321],[21.156,25.217]],"o":[[17.51,4.809],[-10.284,19.321],[-8.59,-10.239]],"v":[[0,-30.313],[27.037,26.426],[-26.252,15.156]]}],"t":65}],"ix":2}},{"ty":"st","bm":0,"cl":"","ln":"","hd":false,"mn":"ADBE Vector Graphic - Stroke","nm":"Kontur 1","lc":1,"lj":1,"ml":4,"o":{"a":0,"k":100,"ix":4},"w":{"a":0,"k":0,"ix":5},"d":[],"c":{"a":0,"k":[1,1,1],"ix":3}},{"ty":"fl","bm":0,"cl":"","ln":"","hd":false,"mn":"ADBE Vector Graphic - Fill","nm":"Fläche 1","c":{"a":0,"k":[0.9294,0.1059,0.1843],"ix":4},"r":1,"o":{"a":0,"k":100,"ix":5}},{"ty":"tr","a":{"a":0,"k":[0,0],"ix":1},"s":{"a":0,"k":[114.247,114.247],"ix":3},"sk":{"a":0,"k":0,"ix":4},"p":{"a":0,"k":[140.011,4.623],"ix":2},"r":{"a":0,"k":0,"ix":6},"sa":{"a":0,"k":0,"ix":5},"o":{"a":0,"k":100,"ix":7}}]}],"ind":8,"parent":13},{"ty":4,"nm":"Triangle S 3","mn":"","sr":1,"st":3,"op":53,"ip":42,"hd":false,"cl":"","ln":"","ddd":0,"bm":0,"hasMask":false,"ao":0,"ks":{"a":{"a":0,"k":[162.576,-26.65,0],"ix":1},"s":{"a":0,"k":[100,100,100],"ix":6},"sk":{"a":0,"k":0},"p":{"a":1,"k":[{"o":{"x":0.167,"y":0.167},"i":{"x":0.833,"y":0.833},"s":[361.984,175.494,0],"t":41,"ti":[8.667,10.833,0],"to":[-8.667,-10.833,0]},{"o":{"x":0.167,"y":0.167},"i":{"x":0.833,"y":0.833},"s":[309.984,110.494,0],"t":49}],"ix":2},"r":{"a":1,"k":[{"o":{"x":0.167,"y":0.167},"i":{"x":0.833,"y":0.833},"s":[0],"t":41},{"o":{"x":0.167,"y":0.167},"i":{"x":0.833,"y":0.833},"s":[-46],"t":49}],"ix":10},"sa":{"a":0,"k":0},"o":{"a":1,"k":[{"o":{"x":0.167,"y":0.167},"i":{"x":0.833,"y":0.833},"s":[97],"t":41},{"o":{"x":0.167,"y":0.167},"i":{"x":0.833,"y":0.833},"s":[100],"t":48},{"o":{"x":0.167,"y":0.167},"i":{"x":0.833,"y":0.833},"s":[0],"t":49}],"ix":11}},"ef":[],"shapes":[{"ty":"gr","bm":0,"cl":"","ln":"","hd":false,"mn":"ADBE Vector Group","nm":"Rechteck 1","ix":1,"cix":2,"np":3,"it":[{"ty":"rc","bm":0,"cl":"","ln":"","hd":false,"mn":"ADBE Vector Shape - Rect","nm":"Rechteckpfad: 1","d":1,"p":{"a":0,"k":[0,0],"ix":3},"r":{"a":0,"k":0,"ix":4},"s":{"a":0,"k":[6.699,9.012],"ix":2}},{"ty":"st","bm":0,"cl":"","ln":"","hd":false,"mn":"ADBE Vector Graphic - Stroke","nm":"Kontur 1","lc":1,"lj":1,"ml":4,"o":{"a":0,"k":100,"ix":4},"w":{"a":0,"k":0,"ix":5},"d":[],"c":{"a":0,"k":[1,1,1],"ix":3}},{"ty":"fl","bm":0,"cl":"","ln":"","hd":false,"mn":"ADBE Vector Graphic - Fill","nm":"Fläche 1","c":{"a":0,"k":[0.5451,0.5725,1],"ix":4},"r":1,"o":{"a":0,"k":100,"ix":5}},{"ty":"tr","a":{"a":0,"k":[0,0],"ix":1},"s":{"a":0,"k":[100,100],"ix":3},"sk":{"a":0,"k":0,"ix":4},"p":{"a":0,"k":[162.576,-26.65],"ix":2},"r":{"a":0,"k":0,"ix":6},"sa":{"a":0,"k":0,"ix":5},"o":{"a":0,"k":100,"ix":7}}]}],"ind":9},{"ty":4,"nm":"Triangle S 2","mn":"","sr":1,"st":3,"op":55,"ip":42,"hd":false,"cl":"","ln":"","ddd":0,"bm":0,"hasMask":false,"ao":0,"ks":{"a":{"a":0,"k":[86.185,10.945,0],"ix":1},"s":{"a":0,"k":[100,100,100],"ix":6},"sk":{"a":0,"k":0},"p":{"s":true,"x":{"a":1,"k":[{"o":{"x":0.08,"y":0.125},"i":{"x":0.92,"y":0.713},"s":[357.373],"t":41},{"o":{"x":0.048,"y":0.221},"i":{"x":0.952,"y":0.675},"s":[281.373],"t":44},{"o":{"x":0.06,"y":0.285},"i":{"x":0.94,"y":0.539},"s":[182.769],"t":49},{"o":{"x":0.06,"y":0.314},"i":{"x":0.94,"y":0.869},"s":[129.402],"t":53},{"o":{"x":0.167,"y":0.167},"i":{"x":0.833,"y":0.833},"s":[42.706],"t":57}],"ix":3},"y":{"a":1,"k":[{"o":{"x":0.08,"y":0.167},"i":{"x":0.457,"y":1},"s":[212.04],"t":41},{"o":{"x":0.242,"y":0},"i":{"x":0.952,"y":0.881},"s":[174.04],"t":44},{"o":{"x":0.06,"y":-0.119},"i":{"x":0.94,"y":0.974},"s":[211.819],"t":49},{"o":{"x":0.06,"y":-0.029},"i":{"x":0.942,"y":1},"s":[193.807],"t":53},{"o":{"x":0.167,"y":0.167},"i":{"x":0.833,"y":0.833},"s":[212.04],"t":57}],"ix":4}},"r":{"a":0,"k":0,"ix":10},"sa":{"a":0,"k":0},"o":{"a":1,"k":[{"o":{"x":0.167,"y":0.167},"i":{"x":0.833,"y":0.833},"s":[100],"t":41},{"o":{"x":0.167,"y":0.167},"i":{"x":0.833,"y":0.833},"s":[100],"t":49},{"o":{"x":0.167,"y":0.167},"i":{"x":0.833,"y":0.833},"s":[0],"t":53}],"ix":11}},"ef":[],"shapes":[{"ty":"gr","bm":0,"cl":"","ln":"","hd":false,"mn":"ADBE Vector Group","nm":"Ellipse 1","ix":1,"cix":2,"np":3,"it":[{"ty":"el","bm":0,"cl":"","ln":"","hd":false,"mn":"ADBE Vector Shape - Ellipse","nm":"Elliptischer Pfad 1","d":1,"p":{"a":0,"k":[0,0],"ix":3},"s":{"a":0,"k":[15.921,15.921],"ix":2}},{"ty":"st","bm":0,"cl":"","ln":"","hd":false,"mn":"ADBE Vector Graphic - Stroke","nm":"Kontur 1","lc":1,"lj":1,"ml":4,"o":{"a":0,"k":100,"ix":4},"w":{"a":0,"k":0,"ix":5},"d":[],"c":{"a":0,"k":[1,1,1],"ix":3}},{"ty":"fl","bm":0,"cl":"","ln":"","hd":false,"mn":"ADBE Vector Graphic - Fill","nm":"Fläche 1","c":{"a":0,"k":[0.8314,0.5843,1],"ix":4},"r":1,"o":{"a":0,"k":100,"ix":5}},{"ty":"tr","a":{"a":0,"k":[0,0],"ix":1},"s":{"a":0,"k":[100,100],"ix":3},"sk":{"a":0,"k":0,"ix":4},"p":{"a":0,"k":[86.185,10.945],"ix":2},"r":{"a":0,"k":0,"ix":6},"sa":{"a":0,"k":0,"ix":5},"o":{"a":0,"k":100,"ix":7}}]}],"ind":10},{"ty":4,"nm":"Triangle S 1","mn":"","sr":1,"st":3,"op":52,"ip":42,"hd":false,"cl":"","ln":"","ddd":0,"bm":0,"hasMask":false,"ao":0,"ks":{"a":{"a":0,"k":[162.918,-4.211,0],"ix":1},"s":{"a":0,"k":[100,100,100],"ix":6},"sk":{"a":0,"k":0},"p":{"a":1,"k":[{"o":{"x":0.167,"y":0.167},"i":{"x":0.833,"y":0.833},"s":[354.696,203,0],"t":41,"ti":[35.333,4.667,0],"to":[-15.111,-8,0]},{"o":{"x":0.167,"y":0.167},"i":{"x":0.833,"y":0.833},"s":[264.029,155,0],"t":44,"ti":[20.222,-3.333,0],"to":[-35.333,-4.667,0]},{"o":{"x":0.167,"y":0.167},"i":{"x":0.833,"y":0.833},"s":[142.696,175,0],"t":47}],"ix":2},"r":{"a":1,"k":[{"o":{"x":0.167,"y":0.167},"i":{"x":0.833,"y":0.833},"s":[-26],"t":41},{"o":{"x":0.167,"y":0.167},"i":{"x":0.833,"y":0.833},"s":[-94],"t":44},{"o":{"x":0.167,"y":0.167},"i":{"x":0.833,"y":0.833},"s":[-127],"t":47}],"ix":10},"sa":{"a":0,"k":0},"o":{"a":1,"k":[{"o":{"x":0.167,"y":0.167},"i":{"x":0.833,"y":0.833},"s":[100],"t":41},{"o":{"x":0.167,"y":0.167},"i":{"x":0.833,"y":0.833},"s":[100],"t":45},{"o":{"x":0.167,"y":0.167},"i":{"x":0.833,"y":0.833},"s":[0],"t":47}],"ix":11}},"ef":[],"shapes":[{"ty":"gr","bm":0,"cl":"","ln":"","hd":false,"mn":"ADBE Vector Group","nm":"Rechteck 1","ix":1,"cix":2,"np":3,"it":[{"ty":"sh","bm":0,"cl":"","ln":"","hd":false,"mn":"ADBE Vector Shape - Group","nm":"Pfad 1","ix":1,"d":1,"ks":{"a":1,"k":[{"o":{"x":0.167,"y":0.167},"i":{"x":0.833,"y":0.833},"s":[{"c":true,"i":[[0,0],[0,0],[0,0],[0,0]],"o":[[0,0],[0,0],[0,0],[0,0]],"v":[[2.893,-21.611],[2.893,21.611],[-2.893,21.611],[-2.893,-21.611]]}],"t":21},{"o":{"x":0.167,"y":0.167},"i":{"x":0.833,"y":0.833},"s":[{"c":true,"i":[[0,0],[0,0],[0,0],[0,0]],"o":[[0,0],[0,0],[0,0],[0,0]],"v":[[2.893,-21.611],[2.893,21.611],[-2.893,21.611],[-2.893,-21.611]]}],"t":31},{"o":{"x":0.167,"y":0.167},"i":{"x":0.833,"y":0.833},"s":[{"c":true,"i":[[-0.256,-1.912],[1.912,-14.28],[0.256,1.912],[-1.912,14.28]],"o":[[1.912,14.28],[-0.256,1.912],[-1.912,-14.28],[0.256,-1.912]],"v":[[2.893,-21.611],[2.893,21.611],[-2.893,21.611],[-2.893,-21.611]]}],"t":32}],"ix":2}},{"ty":"st","bm":0,"cl":"","ln":"","hd":false,"mn":"ADBE Vector Graphic - Stroke","nm":"Kontur 1","lc":1,"lj":1,"ml":4,"o":{"a":0,"k":100,"ix":4},"w":{"a":0,"k":0,"ix":5},"d":[],"c":{"a":0,"k":[1,1,1],"ix":3}},{"ty":"fl","bm":0,"cl":"","ln":"","hd":false,"mn":"ADBE Vector Graphic - Fill","nm":"Fläche 1","c":{"a":0,"k":[0.2,0.2078,0.4902],"ix":4},"r":1,"o":{"a":0,"k":100,"ix":5}},{"ty":"tr","a":{"a":0,"k":[0,0],"ix":1},"s":{"a":0,"k":[100,100],"ix":3},"sk":{"a":0,"k":0,"ix":4},"p":{"a":0,"k":[162.696,-3.857],"ix":2},"r":{"a":0,"k":0,"ix":6},"sa":{"a":0,"k":0,"ix":5},"o":{"a":0,"k":100,"ix":7}}]}],"ind":11},{"ty":4,"nm":"Maske 2","mn":"","sr":1,"st":0,"op":132,"ip":0,"hd":false,"cl":"","ln":"","ddd":0,"bm":0,"hasMask":false,"td":1,"ao":0,"ks":{"a":{"a":0,"k":[0,0,0],"ix":1},"s":{"a":0,"k":[100,100,100],"ix":6},"sk":{"a":0,"k":0},"p":{"a":0,"k":[200,200,0],"ix":2},"r":{"a":0,"k":0,"ix":10},"sa":{"a":0,"k":0},"o":{"a":0,"k":100,"ix":11}},"ef":[],"shapes":[{"ty":"gr","bm":0,"cl":"","ln":"","hd":false,"mn":"ADBE Vector Group","nm":"Rechteck 1","ix":1,"cix":2,"np":3,"it":[{"ty":"rc","bm":0,"cl":"","ln":"","hd":false,"mn":"ADBE Vector Shape - Rect","nm":"Rechteckpfad: 1","d":1,"p":{"a":0,"k":[0,0],"ix":3},"r":{"a":0,"k":0,"ix":4},"s":{"a":0,"k":[310.843,107.525],"ix":2}},{"ty":"st","bm":0,"cl":"","ln":"","hd":false,"mn":"ADBE Vector Graphic - Stroke","nm":"Kontur 1","lc":1,"lj":1,"ml":4,"o":{"a":0,"k":100,"ix":4},"w":{"a":0,"k":0,"ix":5},"d":[],"c":{"a":0,"k":[1,1,1],"ix":3}},{"ty":"fl","bm":0,"cl":"","ln":"","hd":false,"mn":"ADBE Vector Graphic - Fill","nm":"Fläche 1","c":{"a":0,"k":[0.9961,0.7412,0.0706],"ix":4},"r":1,"o":{"a":0,"k":100,"ix":5}},{"ty":"tr","a":{"a":0,"k":[0,0],"ix":1},"s":{"a":0,"k":[147.241,100],"ix":3},"sk":{"a":0,"k":0,"ix":4},"p":{"a":0,"k":[-5.396,73.924],"ix":2},"r":{"a":0,"k":0,"ix":6},"sa":{"a":0,"k":0,"ix":5},"o":{"a":0,"k":100,"ix":7}}]}],"ind":12},{"ty":4,"nm":"SQ","mn":"","sr":1,"st":0,"op":37,"ip":0,"hd":false,"cl":"","ln":"","ddd":0,"bm":0,"tt":2,"hasMask":false,"ao":0,"ks":{"a":{"a":0,"k":[-316.214,-110.899,0],"ix":1},"s":{"a":0,"k":[100,100,100],"ix":6},"sk":{"a":0,"k":0},"p":{"s":true,"x":{"a":1,"k":[{"o":{"x":1,"y":0},"i":{"x":0.667,"y":1},"s":[-139],"t":0},{"o":{"x":0.333,"y":0},"i":{"x":0.667,"y":1},"s":[-139],"t":5},{"o":{"x":0.333,"y":0},"i":{"x":0.667,"y":1},"s":[-134.667],"t":10},{"o":{"x":0.333,"y":0},"i":{"x":0.667,"y":1},"s":[-147.167],"t":13},{"o":{"x":0.333,"y":0},"i":{"x":0.667,"y":1},"s":[-140.667],"t":18},{"o":{"x":0.333,"y":0},"i":{"x":0,"y":1},"s":[-140.667],"t":22},{"o":{"x":1,"y":0},"i":{"x":0.667,"y":1},"s":[-153],"t":27},{"o":{"x":0.333,"y":0},"i":{"x":0.667,"y":1},"s":[154.667],"t":41},{"o":{"x":0.333,"y":0},"i":{"x":0.667,"y":1},"s":[126.667],"t":44},{"o":{"x":0.333,"y":0},"i":{"x":0.667,"y":1},"s":[136],"t":47},{"o":{"x":0.279,"y":0},"i":{"x":0.662,"y":0.769},"s":[136],"t":54},{"o":{"x":0.49,"y":-7.692},"i":{"x":0.909,"y":1},"s":[146.967],"t":58},{"o":{"x":0.034,"y":0},"i":{"x":0.548,"y":0.733},"s":[146.608],"t":61},{"o":{"x":0.359,"y":0.462},"i":{"x":0.714,"y":1},"s":[-75.159],"t":68},{"o":{"x":0.167,"y":0},"i":{"x":0.194,"y":1},"s":[-133.333],"t":72},{"o":{"x":0.167,"y":0},"i":{"x":0.194,"y":1},"s":[-144],"t":76},{"o":{"x":0.167,"y":0},"i":{"x":0.194,"y":1},"s":[-144],"t":83},{"o":{"x":0.167,"y":0},"i":{"x":0.194,"y":1},"s":[-144],"t":89},{"o":{"x":0.206,"y":0},"i":{"x":0.624,"y":1},"s":[-144],"t":93},{"o":{"x":1,"y":0},"i":{"x":0.833,"y":1},"s":[134.066],"t":103},{"o":{"x":0.167,"y":0},"i":{"x":0.833,"y":1},"s":[126.066],"t":108},{"o":{"x":0.167,"y":0.167},"i":{"x":0.833,"y":0.833},"s":[126.066],"t":116}],"ix":3},"y":{"a":1,"k":[{"o":{"x":0.048,"y":0.062},"i":{"x":0.952,"y":0.851},"s":[54.601],"t":0},{"o":{"x":0.06,"y":-0.417},"i":{"x":0.94,"y":1.175},"s":[-37.395],"t":5},{"o":{"x":0.08,"y":-5.143},"i":{"x":0.833,"y":0.833},"s":[-13.899],"t":10},{"o":{"x":0.167,"y":0.167},"i":{"x":0.833,"y":0.833},"s":[-12.149],"t":13},{"o":{"x":0.167,"y":0.167},"i":{"x":0.833,"y":0.833},"s":[-7.149],"t":18},{"o":{"x":0.167,"y":0.167},"i":{"x":0.833,"y":0.833},"s":[-7.399],"t":22},{"o":{"x":0.167,"y":0.167},"i":{"x":0.833,"y":0.833},"s":[-15.399],"t":27},{"o":{"x":0.167,"y":0.167},"i":{"x":0.833,"y":0.833},"s":[-20.399],"t":41},{"o":{"x":0.167,"y":0.167},"i":{"x":0.833,"y":0.833},"s":[-19.399],"t":44},{"o":{"x":0.167,"y":0.167},"i":{"x":0.833,"y":0.833},"s":[-9.899],"t":47},{"o":{"x":0.167,"y":0.167},"i":{"x":0.833,"y":0.833},"s":[-9.899],"t":54},{"o":{"x":0.167,"y":0.167},"i":{"x":0.833,"y":0.833},"s":[-17.774],"t":58},{"o":{"x":0.167,"y":0.167},"i":{"x":0.833,"y":0.833},"s":[-17.399],"t":61},{"o":{"x":0.167,"y":0.167},"i":{"x":0.833,"y":0.833},"s":[-24.399],"t":68},{"o":{"x":0.167,"y":0.167},"i":{"x":0.833,"y":0.833},"s":[-14.399],"t":72},{"o":{"x":0.167,"y":0.167},"i":{"x":0.833,"y":0.833},"s":[7.601],"t":76},{"o":{"x":0.167,"y":0.167},"i":{"x":0.833,"y":0.833},"s":[4.164],"t":79},{"o":{"x":0.167,"y":0.167},"i":{"x":0.833,"y":0.833},"s":[7.601],"t":83},{"o":{"x":0.167,"y":0.167},"i":{"x":0.833,"y":0.833},"s":[7.601],"t":89},{"o":{"x":0.167,"y":0.167},"i":{"x":0.833,"y":0.833},"s":[7.601],"t":93},{"o":{"x":0.167,"y":0.167},"i":{"x":0.833,"y":0.833},"s":[-35.327],"t":103},{"o":{"x":0.167,"y":0.167},"i":{"x":0.833,"y":0.833},"s":[-16.327],"t":108},{"o":{"x":0.167,"y":0.167},"i":{"x":0.833,"y":0.833},"s":[-16.327],"t":116},{"o":{"x":0.167,"y":0.167},"i":{"x":0.833,"y":0.833},"s":[64.673],"t":120}],"ix":4}},"r":{"a":1,"k":[{"o":{"x":0.333,"y":0},"i":{"x":0.667,"y":1},"s":[-11],"t":0},{"o":{"x":0.333,"y":0},"i":{"x":0.667,"y":1},"s":[16.25],"t":10},{"o":{"x":0.333,"y":0},"i":{"x":0.667,"y":1},"s":[-13.102],"t":13},{"o":{"x":0.333,"y":0},"i":{"x":0.667,"y":1},"s":[0],"t":18},{"o":{"x":0.333,"y":0},"i":{"x":0.667,"y":1},"s":[0],"t":22},{"o":{"x":0.333,"y":0},"i":{"x":0.667,"y":1},"s":[-24],"t":27},{"o":{"x":0.333,"y":0},"i":{"x":0.667,"y":0.903},"s":[120],"t":41},{"o":{"x":0.333,"y":-0.201},"i":{"x":0.667,"y":1},"s":[62],"t":44},{"o":{"x":0.263,"y":0},"i":{"x":0.667,"y":1},"s":[90],"t":47},{"o":{"x":0.263,"y":0},"i":{"x":0.602,"y":1.78},"s":[90],"t":54},{"o":{"x":0.237,"y":0.074},"i":{"x":0.667,"y":1},"s":[109],"t":61},{"o":{"x":0.167,"y":0},"i":{"x":0.686,"y":1},"s":[-79],"t":72},{"o":{"x":0.259,"y":0},"i":{"x":0.599,"y":0.789},"s":[-30],"t":76},{"o":{"x":0.255,"y":-0.179},"i":{"x":0.686,"y":1},"s":[-19.153],"t":79},{"o":{"x":0.262,"y":0},"i":{"x":0.693,"y":1},"s":[-30],"t":83},{"o":{"x":0.295,"y":0},"i":{"x":0.638,"y":1},"s":[-30],"t":89},{"o":{"x":0.35,"y":0},"i":{"x":0.563,"y":0.945},"s":[-70],"t":93},{"o":{"x":0.338,"y":-0.119},"i":{"x":0.833,"y":1},"s":[88.372],"t":103},{"o":{"x":0.167,"y":0},"i":{"x":0.833,"y":1},"s":[60],"t":108},{"o":{"x":0.167,"y":0.167},"i":{"x":0.833,"y":0.833},"s":[60],"t":116}],"ix":10},"sa":{"a":0,"k":0},"o":{"a":0,"k":100,"ix":11}},"ef":[],"shapes":[{"ty":"gr","bm":0,"cl":"","ln":"","hd":false,"mn":"ADBE Vector Group","nm":"Rechteck 1","ix":1,"cix":2,"np":3,"it":[{"ty":"sh","bm":0,"cl":"","ln":"","hd":false,"mn":"ADBE Vector Shape - Group","nm":"Pfad 1","ix":1,"d":1,"ks":{"a":1,"k":[{"o":{"x":0.167,"y":0.167},"i":{"x":0.833,"y":0.833},"s":[{"c":true,"i":[[0,0],[0,0],[0,0],[0,0],[0,0],[0,0]],"o":[[0,0],[0,0],[0,0],[0,0],[0,0],[0,0]],"v":[[26.3,-26.3],[26.3,-1.367],[26.3,26.3],[-26.3,26.3],[-26.3,2.84],[-26.3,-26.3]]}],"t":0},{"o":{"x":0.167,"y":0.167},"i":{"x":0.833,"y":0.833},"s":[{"c":true,"i":[[0,0],[0,0],[0,0],[0,0],[0,0],[0,0]],"o":[[0,0],[0,0],[0,0],[0,0],[0,0],[0,0]],"v":[[22.5,-47.284],[22.5,-12.404],[22.5,26.3],[-22,26.3],[-22,-6.519],[-22,-47.284]]}],"t":5},{"o":{"x":0.167,"y":0.167},"i":{"x":0.833,"y":0.833},"s":[{"c":true,"i":[[0,0],[0,0],[0,0],[0,0],[0,0],[0,0]],"o":[[0,0],[0,0],[0,0],[0,0],[0,0],[0,0]],"v":[[26.3,-26.3],[26.3,-1.367],[26.3,26.3],[-26.3,26.3],[-26.3,2.84],[-26.3,-26.3]]}],"t":10},{"o":{"x":0.167,"y":0.167},"i":{"x":0.833,"y":0.833},"s":[{"c":true,"i":[[0,0],[0,0],[0,0],[0,0],[0,0],[0,0]],"o":[[0,0],[0,0],[0,0],[0,0],[0,0],[0,0]],"v":[[26.3,-26.3],[26.3,-1.367],[26.3,26.3],[-26.3,26.3],[-26.3,2.84],[-26.3,-26.3]]}],"t":22},{"o":{"x":0.167,"y":0.167},"i":{"x":0.833,"y":0.833},"s":[{"c":true,"i":[[0,0],[-1.516,-14.695],[0,0],[0,0],[0.476,13.86],[0,0]],"o":[[0,0],[2.011,19.496],[0,0],[0,0],[-0.476,-13.86],[0,0]],"v":[[20.234,-26.812],[28.762,-0.91],[26.3,26.3],[-26.3,26.3],[-20.411,0.961],[-27.804,-17.392]]}],"t":27},{"o":{"x":0.167,"y":0.167},"i":{"x":0.833,"y":0.833},"s":[{"c":true,"i":[[0,0],[0,0],[0,0],[0,0],[0,0],[0,0]],"o":[[0,0],[0,0],[0,0],[0,0],[0,0],[0,0]],"v":[[26.3,-26.3],[26.3,-1.367],[26.3,26.3],[-26.3,26.3],[-26.3,2.84],[-26.3,-26.3]]}],"t":34},{"o":{"x":0.167,"y":0.167},"i":{"x":0.833,"y":0.833},"s":[{"c":true,"i":[[0,0],[-1.713,-10.156],[4.248,-10.504],[6.644,17.268],[-0.647,10.456],[0,0]],"o":[[0,0],[1.836,10.885],[-11.314,27.977],[-3.083,-8.011],[0.432,-6.976],[0,0]],"v":[[26.3,-26.3],[30.561,-8.536],[29.026,26.664],[-26.3,26.3],[-28.958,-4.066],[-26.3,-26.3]]}],"t":36}],"ix":2}},{"ty":"st","bm":0,"cl":"","ln":"","hd":false,"mn":"ADBE Vector Graphic - Stroke","nm":"Kontur 1","lc":1,"lj":1,"ml":1,"o":{"a":0,"k":100,"ix":4},"w":{"a":0,"k":0,"ix":5},"d":[],"c":{"a":0,"k":[1,1,1],"ix":3}},{"ty":"fl","bm":0,"cl":"","ln":"","hd":false,"mn":"ADBE Vector Graphic - Fill","nm":"Fläche 1","c":{"a":0,"k":[0.9961,0.7412,0.0706],"ix":4},"r":1,"o":{"a":0,"k":100,"ix":5}},{"ty":"tr","a":{"a":0,"k":[0,0],"ix":1},"s":{"a":0,"k":[100,100],"ix":3},"sk":{"a":0,"k":0,"ix":4},"p":{"a":0,"k":[-314.214,-110.899],"ix":2},"r":{"a":0,"k":0,"ix":6},"sa":{"a":0,"k":0,"ix":5},"o":{"a":0,"k":100,"ix":7}}]}],"ind":13,"parent":2},{"ty":4,"nm":"Speed","mn":"","sr":1,"st":0,"op":8,"ip":0,"hd":false,"cl":"","ln":"","ddd":0,"bm":0,"hasMask":false,"ao":0,"ks":{"a":{"a":0,"k":[0,0,0],"ix":1},"s":{"a":0,"k":[100,100,100],"ix":6},"sk":{"a":0,"k":0},"p":{"a":0,"k":[200,204,0],"ix":2},"r":{"a":0,"k":0,"ix":10},"sa":{"a":0,"k":0},"o":{"a":0,"k":100,"ix":11}},"ef":[],"shapes":[{"ty":"gr","bm":0,"cl":"","ln":"","hd":false,"mn":"ADBE Vector Group","nm":"Form 1","ix":1,"cix":2,"np":9,"it":[{"ty":"sh","bm":0,"cl":"","ln":"","hd":false,"mn":"ADBE Vector Shape - Group","nm":"Pfad 4","ix":1,"d":1,"ks":{"a":0,"k":{"c":false,"i":[[0,0],[0,0]],"o":[[0,0],[0,0]],"v":[[-138.75,-9.75],[-139.25,17.75]]},"ix":2}},{"ty":"sh","bm":0,"cl":"","ln":"","hd":false,"mn":"ADBE Vector Shape - Group","nm":"Pfad 5","ix":2,"d":1,"ks":{"a":0,"k":{"c":false,"i":[[0,0],[0,0]],"o":[[0,0],[0,0]],"v":[[-128.75,-10.5],[-129.25,17]]},"ix":2}},{"ty":"sh","bm":0,"cl":"","ln":"","hd":false,"mn":"ADBE Vector Shape - Group","nm":"Pfad 1","ix":3,"d":1,"ks":{"a":0,"k":{"c":false,"i":[[0,0],[0,0]],"o":[[0,0],[0,0]],"v":[[-155.25,-11.5],[-155.5,16.25]]},"ix":2}},{"ty":"sh","bm":0,"cl":"","ln":"","hd":false,"mn":"ADBE Vector Shape - Group","nm":"Pfad 3","ix":4,"d":1,"ks":{"a":0,"k":{"c":false,"i":[[0,0],[0,0]],"o":[[0,0],[0,0]],"v":[[-146.5,-12],[-147,7]]},"ix":2}},{"ty":"sh","bm":0,"cl":"","ln":"","hd":false,"mn":"ADBE Vector Shape - Group","nm":"Pfad 2","ix":5,"d":1,"ks":{"a":0,"k":{"c":false,"i":[[0,0],[0,0]],"o":[[0,0],[0,0]],"v":[[-119.75,-11],[-120.25,8]]},"ix":2}},{"ty":"st","bm":0,"cl":"","ln":"","hd":false,"mn":"ADBE Vector Graphic - Stroke","nm":"Kontur 1","lc":1,"lj":1,"ml":4,"o":{"a":0,"k":100,"ix":4},"w":{"a":0,"k":1,"ix":5},"d":[],"c":{"a":0,"k":[1,1,1],"ix":3}},{"ty":"fl","bm":0,"cl":"","ln":"","hd":false,"mn":"ADBE Vector Graphic - Fill","nm":"Fläche 1","c":{"a":0,"k":[1,1,1],"ix":4},"r":1,"o":{"a":0,"k":100,"ix":5}},{"ty":"gr","bm":0,"cl":"","ln":"","hd":false,"mn":"ADBE Vector Group","nm":"Form 1","ix":8,"cix":2,"np":2,"it":[{"ty":"st","bm":0,"cl":"","ln":"","hd":false,"mn":"ADBE Vector Graphic - Stroke","nm":"Kontur 1","lc":1,"lj":1,"ml":4,"o":{"a":0,"k":100,"ix":4},"w":{"a":0,"k":1,"ix":5},"d":[],"c":{"a":0,"k":[1,1,1],"ix":3}},{"ty":"fl","bm":0,"cl":"","ln":"","hd":false,"mn":"ADBE Vector Graphic - Fill","nm":"Fläche 1","c":{"a":0,"k":[1,1,1],"ix":4},"r":1,"o":{"a":0,"k":100,"ix":5}},{"ty":"tr","a":{"a":0,"k":[0,0],"ix":1},"s":{"a":0,"k":[100,100],"ix":3},"sk":{"a":0,"k":0,"ix":4},"p":{"a":0,"k":[0,0],"ix":2},"r":{"a":0,"k":0,"ix":6},"sa":{"a":0,"k":0,"ix":5},"o":{"a":0,"k":100,"ix":7}}]},{"ty":"tm","bm":0,"cl":"","ln":"","hd":false,"mn":"ADBE Vector Filter - Trim","nm":"Pfade trimmen 1","ix":9,"e":{"a":1,"k":[{"o":{"x":0.167,"y":0.167},"i":{"x":0.833,"y":0.833},"s":[100],"t":0},{"o":{"x":0.167,"y":0.167},"i":{"x":0.833,"y":0.833},"s":[100],"t":6},{"o":{"x":0.167,"y":0.167},"i":{"x":0.833,"y":0.833},"s":[1],"t":8}],"ix":2},"o":{"a":0,"k":0,"ix":3},"s":{"a":1,"k":[{"o":{"x":0.167,"y":0.167},"i":{"x":0.833,"y":0.833},"s":[100],"t":0},{"o":{"x":0.167,"y":0.167},"i":{"x":0.833,"y":0.833},"s":[0],"t":6}],"ix":1},"m":1},{"ty":"tr","a":{"a":0,"k":[0,0],"ix":1},"s":{"a":0,"k":[100,100],"ix":3},"sk":{"a":0,"k":0,"ix":4},"p":{"a":0,"k":[0,0],"ix":2},"r":{"a":0,"k":0,"ix":6},"sa":{"a":0,"k":0,"ix":5},"o":{"a":0,"k":100,"ix":7}}]}],"ind":14}],"ddd":0,"h":400,"w":400,"meta":{"a":"","k":"","d":"","g":"@lottiefiles/toolkit-js 0.22.1","tc":"#000000"},"v":"5.7.4","fr":24,"op":122,"ip":0,"assets":[]}