{"v":"5.9.1","fr":25,"ip":0,"op":76,"w":160,"h":160,"nm":"Precomp. 3","ddd":0,"assets":[{"id":"comp_0","nm":"Precomp. 24","fr":25,"layers":[{"ddd":0,"ind":2,"ty":4,"nm":"Capa de formas 3","td":1,"sr":1,"ks":{"o":{"a":0,"k":100,"ix":11},"r":{"a":0,"k":0,"ix":10},"p":{"a":0,"k":[960,540,0],"ix":2,"l":2},"a":{"a":0,"k":[0,0,0],"ix":1,"l":2},"s":{"a":0,"k":[100,100,100],"ix":6,"l":2}},"ao":0,"shapes":[{"ty":"gr","it":[{"ind":0,"ty":"sh","ix":1,"ks":{"a":0,"k":{"i":[[35,5.5],[17.5,-12.5],[-5.5,-5],[0,0],[-7.5,-1],[-6.4,5.029],[-2,3],[3.5,6.5]],"o":[[-35,-5.5],[-17.5,12.5],[5.5,5],[0,0],[7.5,1],[7,-5.5],[2,-3],[-3.5,-6.5]],"v":[[486,265.5],[463,278.5],[455,311.5],[468.5,331.5],[513.5,337.5],[551,332],[577.75,319.75],[574.5,277]],"c":true},"ix":2},"nm":"Trazado 1","mn":"ADBE Vector Shape - Group","hd":false},{"ty":"fl","c":{"a":0,"k":[0.9490196078431372,0.43529411764705883,0.12941176470588237,1],"ix":4},"o":{"a":0,"k":100,"ix":5},"r":1,"bm":0,"nm":"Relleno 1","mn":"ADBE Vector Graphic - Fill","hd":false},{"ty":"tr","p":{"a":0,"k":[0,0],"ix":2},"a":{"a":0,"k":[0,0],"ix":1},"s":{"a":0,"k":[100,100],"ix":3},"r":{"a":0,"k":0,"ix":6},"o":{"a":0,"k":100,"ix":7},"sk":{"a":0,"k":0,"ix":4},"sa":{"a":0,"k":0,"ix":5},"nm":"Transformar"}],"nm":"Forma 1","np":3,"cix":2,"bm":0,"ix":1,"mn":"ADBE Vector Group","hd":false},{"ty":"gr","it":[{"d":1,"ty":"el","s":{"a":0,"k":[87.75,87.75],"ix":2},"p":{"a":0,"k":[0,0],"ix":3},"nm":"Trazado elíptico 1","mn":"ADBE Vector Shape - Ellipse","hd":false},{"ty":"fl","c":{"a":0,"k":[0.9490196078431372,0.43529411764705883,0.12941176470588237,1],"ix":4},"o":{"a":0,"k":100,"ix":5},"r":1,"bm":0,"nm":"Relleno 1","mn":"ADBE Vector Graphic - Fill","hd":false},{"ty":"tr","p":{"a":0,"k":[508.875,335.875],"ix":2},"a":{"a":0,"k":[0,0],"ix":1},"s":{"a":0,"k":[100,100],"ix":3},"r":{"a":0,"k":0,"ix":6},"o":{"a":0,"k":100,"ix":7},"sk":{"a":0,"k":0,"ix":4},"sa":{"a":0,"k":0,"ix":5},"nm":"Transformar"}],"nm":"Elipse 1","np":3,"cix":2,"bm":0,"ix":2,"mn":"ADBE Vector Group","hd":false}],"ip":0,"op":102,"st":0,"bm":0},{"ddd":0,"ind":3,"ty":0,"nm":"mapa 2","tt":1,"refId":"comp_1","sr":1,"ks":{"o":{"a":1,"k":[{"i":{"x":[0.833],"y":[1]},"o":{"x":[0.333],"y":[0]},"t":4,"s":[100]},{"i":{"x":[0.667],"y":[1]},"o":{"x":[0.167],"y":[0]},"t":59,"s":[100]},{"t":86,"s":[100]}],"ix":11},"r":{"a":1,"k":[{"i":{"x":[0.833],"y":[1]},"o":{"x":[0.333],"y":[0]},"t":4,"s":[0]},{"i":{"x":[0.667],"y":[1]},"o":{"x":[0.167],"y":[0]},"t":59,"s":[0]},{"t":86,"s":[0]}],"ix":10},"p":{"a":1,"k":[{"i":{"x":0.833,"y":0.878},"o":{"x":0.333,"y":0},"t":4,"s":[1067.5,540,0],"to":[-3.868,0,0],"ti":[25.251,0,0]},{"i":{"x":0.667,"y":1},"o":{"x":0.167,"y":0.647},"t":59,"s":[969.113,540,0],"to":[-5.659,0,0],"ti":[0.005,0,0]},{"t":86,"s":[960,540,0]}],"ix":2,"l":2},"a":{"a":1,"k":[{"i":{"x":0.833,"y":0.833},"o":{"x":0.333,"y":0.333},"t":4,"s":[960,540,0],"to":[0,0,0],"ti":[0,0,0]},{"i":{"x":0.667,"y":0.667},"o":{"x":0.167,"y":0.167},"t":59,"s":[960,540,0],"to":[0,0,0],"ti":[0,0,0]},{"t":86,"s":[960,540,0]}],"ix":1,"l":2},"s":{"a":1,"k":[{"i":{"x":[0.833,0.833,0.833],"y":[1,1,1]},"o":{"x":[0.333,0.333,0.333],"y":[0,0,0]},"t":4,"s":[100,100,100]},{"i":{"x":[0.667,0.667,0.667],"y":[1,1,1]},"o":{"x":[0.167,0.167,0.167],"y":[0,0,0]},"t":59,"s":[100,100,100]},{"t":86,"s":[100,100,100]}],"ix":6,"l":2}},"ao":0,"w":1920,"h":1080,"ip":28,"op":95,"st":4,"bm":0},{"ddd":0,"ind":4,"ty":4,"nm":"Capa de formas 2","td":1,"sr":1,"ks":{"o":{"a":0,"k":100,"ix":11},"r":{"a":0,"k":0,"ix":10},"p":{"a":0,"k":[960,540,0],"ix":2,"l":2},"a":{"a":0,"k":[0,0,0],"ix":1,"l":2},"s":{"a":0,"k":[100,100,100],"ix":6,"l":2}},"ao":0,"shapes":[{"ty":"gr","it":[{"d":1,"ty":"el","s":{"a":0,"k":[87.75,87.75],"ix":2},"p":{"a":0,"k":[0,0],"ix":3},"nm":"Trazado elíptico 1","mn":"ADBE Vector Shape - Ellipse","hd":false},{"ty":"fl","c":{"a":0,"k":[0.9490196078431372,0.43529411764705883,0.12941176470588237,1],"ix":4},"o":{"a":0,"k":100,"ix":5},"r":1,"bm":0,"nm":"Relleno 1","mn":"ADBE Vector Graphic - Fill","hd":false},{"ty":"tr","p":{"a":0,"k":[508.875,335.875],"ix":2},"a":{"a":0,"k":[0,0],"ix":1},"s":{"a":0,"k":[100,100],"ix":3},"r":{"a":0,"k":0,"ix":6},"o":{"a":0,"k":100,"ix":7},"sk":{"a":0,"k":0,"ix":4},"sa":{"a":0,"k":0,"ix":5},"nm":"Transformar"}],"nm":"Elipse 1","np":3,"cix":2,"bm":0,"ix":1,"mn":"ADBE Vector Group","hd":false}],"ip":0,"op":102,"st":0,"bm":0},{"ddd":0,"ind":5,"ty":0,"nm":"mapa","tt":1,"refId":"comp_4","sr":1,"ks":{"o":{"a":1,"k":[{"i":{"x":[0.833],"y":[1]},"o":{"x":[0.333],"y":[0]},"t":4,"s":[100]},{"i":{"x":[0.667],"y":[1]},"o":{"x":[0.167],"y":[0]},"t":59,"s":[100]},{"t":86,"s":[100]}],"ix":11},"r":{"a":1,"k":[{"i":{"x":[0.833],"y":[1]},"o":{"x":[0.333],"y":[0]},"t":4,"s":[0]},{"i":{"x":[0.667],"y":[1]},"o":{"x":[0.167],"y":[0]},"t":59,"s":[0]},{"t":86,"s":[0]}],"ix":10},"p":{"a":1,"k":[{"i":{"x":0.833,"y":0.878},"o":{"x":0.333,"y":0},"t":4,"s":[1067.5,540,0],"to":[-3.868,0,0],"ti":[25.251,0,0]},{"i":{"x":0.667,"y":1},"o":{"x":0.167,"y":0.647},"t":59,"s":[969.113,540,0],"to":[-5.659,0,0],"ti":[0.005,0,0]},{"t":86,"s":[960,540,0]}],"ix":2,"l":2},"a":{"a":1,"k":[{"i":{"x":0.833,"y":0.833},"o":{"x":0.333,"y":0.333},"t":4,"s":[960,540,0],"to":[0,0,0],"ti":[0,0,0]},{"i":{"x":0.667,"y":0.667},"o":{"x":0.167,"y":0.167},"t":59,"s":[960,540,0],"to":[0,0,0],"ti":[0,0,0]},{"t":86,"s":[960,540,0]}],"ix":1,"l":2},"s":{"a":1,"k":[{"i":{"x":[0.833,0.833,0.833],"y":[1,1,1]},"o":{"x":[0.333,0.333,0.333],"y":[0,0,0]},"t":4,"s":[100,100,100]},{"i":{"x":[0.667,0.667,0.667],"y":[1,1,1]},"o":{"x":[0.167,0.167,0.167],"y":[0,0,0]},"t":59,"s":[100,100,100]},{"t":86,"s":[100,100,100]}],"ix":6,"l":2}},"ao":0,"w":1920,"h":1080,"ip":16,"op":95,"st":4,"bm":0},{"ddd":0,"ind":6,"ty":4,"nm":"Capa de formas 1","sr":1,"ks":{"o":{"a":0,"k":100,"ix":11},"r":{"a":0,"k":0,"ix":10},"p":{"a":0,"k":[960,540,0],"ix":2,"l":2},"a":{"a":0,"k":[0,0,0],"ix":1,"l":2},"s":{"a":0,"k":[100,100,100],"ix":6,"l":2}},"ao":0,"shapes":[{"ty":"gr","it":[{"d":1,"ty":"el","s":{"a":0,"k":[87.75,87.75],"ix":2},"p":{"a":0,"k":[0,0],"ix":3},"nm":"Trazado elíptico 1","mn":"ADBE Vector Shape - Ellipse","hd":false},{"ty":"st","c":{"a":0,"k":[0.9490196078431372,0.43529411764705883,0.12941176470588237,1],"ix":3},"o":{"a":0,"k":100,"ix":4},"w":{"a":0,"k":2.5,"ix":5},"lc":2,"lj":2,"bm":0,"nm":"Trazo 1","mn":"ADBE Vector Graphic - Stroke","hd":false},{"ty":"tr","p":{"a":0,"k":[508.875,335.875],"ix":2},"a":{"a":0,"k":[0,0],"ix":1},"s":{"a":0,"k":[100,100],"ix":3},"r":{"a":0,"k":0,"ix":6},"o":{"a":0,"k":100,"ix":7},"sk":{"a":0,"k":0,"ix":4},"sa":{"a":0,"k":0,"ix":5},"nm":"Transformar"}],"nm":"Elipse 1","np":3,"cix":2,"bm":0,"ix":1,"mn":"ADBE Vector Group","hd":false},{"ty":"tm","s":{"a":1,"k":[{"i":{"x":[0.667],"y":[1]},"o":{"x":[0.167],"y":[0]},"t":0,"s":[0]},{"t":33,"s":[0]}],"ix":1},"e":{"a":1,"k":[{"i":{"x":[0.667],"y":[1]},"o":{"x":[0.167],"y":[0.167]},"t":0,"s":[0]},{"t":39,"s":[100]}],"ix":2},"o":{"a":1,"k":[{"i":{"x":[0.667],"y":[1]},"o":{"x":[0.167],"y":[0.167]},"t":0,"s":[-234]},{"t":39,"s":[0]}],"ix":3},"m":1,"ix":2,"nm":"Recortar trazados 1","mn":"ADBE Vector Filter - Trim","hd":false}],"ip":0,"op":101,"st":0,"bm":0}]},{"id":"comp_1","nm":"pines","fr":25,"layers":[{"ddd":0,"ind":4,"ty":0,"nm":"pin Comp. 1","refId":"comp_2","sr":1,"ks":{"o":{"a":0,"k":100,"ix":11},"r":{"a":0,"k":0,"ix":10},"p":{"a":0,"k":[1077.868,573.18,0],"ix":2,"l":2},"a":{"a":0,"k":[960,540,0],"ix":1,"l":2},"s":{"a":0,"k":[90,90,100],"ix":6,"l":2}},"ao":0,"w":1920,"h":1080,"ip":64,"op":139,"st":39,"bm":0},{"ddd":0,"ind":5,"ty":0,"nm":"pin Comp. 1","refId":"comp_2","sr":1,"ks":{"o":{"a":0,"k":100,"ix":11},"r":{"a":0,"k":0,"ix":10},"p":{"a":0,"k":[994.75,563.75,0],"ix":2,"l":2},"a":{"a":0,"k":[960,540,0],"ix":1,"l":2},"s":{"a":0,"k":[100,100,100],"ix":6,"l":2}},"ao":0,"w":1920,"h":1080,"ip":49,"op":126,"st":26,"bm":0},{"ddd":0,"ind":6,"ty":0,"nm":"pin Comp. 1","refId":"comp_2","sr":1,"ks":{"o":{"a":1,"k":[{"i":{"x":[0.667],"y":[1]},"o":{"x":[0.333],"y":[0]},"t":37,"s":[100]},{"t":59,"s":[100]}],"ix":11},"r":{"a":1,"k":[{"i":{"x":[0.667],"y":[1]},"o":{"x":[0.333],"y":[0]},"t":13,"s":[70]},{"t":59,"s":[0]}],"ix":10},"p":{"a":1,"k":[{"i":{"x":0.667,"y":0.667},"o":{"x":0.333,"y":0.333},"t":37,"s":[1454.875,845.875,0],"to":[0,0,0],"ti":[0,0,0]},{"t":59,"s":[1454.875,845.875,0]}],"ix":2,"l":2},"a":{"a":1,"k":[{"i":{"x":0.667,"y":0.667},"o":{"x":0.333,"y":0.333},"t":37,"s":[1436.125,859.875,0],"to":[0,0,0],"ti":[0,0,0]},{"t":59,"s":[1436.125,859.875,0]}],"ix":1,"l":2},"s":{"a":1,"k":[{"i":{"x":[0.667,0.667,0.667],"y":[1,1,1]},"o":{"x":[0.333,0.333,0.333],"y":[0,0,0]},"t":37,"s":[100,100,100]},{"t":59,"s":[100,100,100]}],"ix":6,"l":2}},"ao":0,"w":1920,"h":1080,"ip":37,"op":112,"st":12,"bm":0},{"ddd":0,"ind":7,"ty":0,"nm":"pin Comp. 1","refId":"comp_2","sr":1,"ks":{"o":{"a":1,"k":[{"i":{"x":[0.667],"y":[1]},"o":{"x":[0.333],"y":[0]},"t":18,"s":[100]},{"t":34,"s":[100]}],"ix":11},"r":{"a":1,"k":[{"i":{"x":[0.667],"y":[1]},"o":{"x":[0.333],"y":[0]},"t":11,"s":[85]},{"t":34,"s":[0]}],"ix":10},"p":{"a":1,"k":[{"i":{"x":0.667,"y":0.667},"o":{"x":0.333,"y":0.333},"t":18,"s":[1436.75,861.25,0],"to":[0,0,0],"ti":[0,0,0]},{"t":34,"s":[1436.75,861.25,0]}],"ix":2,"l":2},"a":{"a":1,"k":[{"i":{"x":0.667,"y":0.667},"o":{"x":0.333,"y":0.333},"t":18,"s":[1436.75,861.25,0],"to":[0,0,0],"ti":[0,0,0]},{"t":34,"s":[1436.75,861.25,0]}],"ix":1,"l":2},"s":{"a":1,"k":[{"i":{"x":[0.667,0.667,0.667],"y":[1,1,1]},"o":{"x":[0.333,0.333,0.333],"y":[0,0,0]},"t":18,"s":[100,100,100]},{"t":34,"s":[100,100,100]}],"ix":6,"l":2}},"ao":0,"w":1920,"h":1080,"ip":17,"op":94,"st":-6,"bm":0}]},{"id":"comp_2","nm":"pin Comp. 1","fr":25,"layers":[{"ddd":0,"ind":1,"ty":0,"nm":"pin","refId":"comp_3","sr":1,"ks":{"o":{"a":0,"k":100,"ix":11},"r":{"a":1,"k":[{"i":{"x":[0.833],"y":[1]},"o":{"x":[0.333],"y":[0]},"t":24,"s":[0]},{"i":{"x":[0.667],"y":[1]},"o":{"x":[0.167],"y":[0]},"t":33,"s":[0]},{"t":49,"s":[0]}],"ix":10},"p":{"a":1,"k":[{"i":{"x":0.833,"y":0.833},"o":{"x":0.333,"y":0.333},"t":24,"s":[1436.5,861,0],"to":[0,0,0],"ti":[0,0,0]},{"i":{"x":0.667,"y":0.667},"o":{"x":0.167,"y":0.167},"t":33,"s":[1436.5,861,0],"to":[0,0,0],"ti":[0,0,0]},{"t":49,"s":[1436.5,861,0]}],"ix":2,"l":2},"a":{"a":1,"k":[{"i":{"x":0.833,"y":0.833},"o":{"x":0.333,"y":0.333},"t":24,"s":[1264.25,888.75,0],"to":[0,0,0],"ti":[0,0,0]},{"i":{"x":0.667,"y":0.667},"o":{"x":0.167,"y":0.167},"t":33,"s":[1264.25,888.75,0],"to":[0,0,0],"ti":[0,0,0]},{"t":49,"s":[1264.25,888.75,0]}],"ix":1,"l":2},"s":{"a":1,"k":[{"i":{"x":[0.833,0.833,0.833],"y":[0.949,0.949,0.965]},"o":{"x":[0.333,0.333,0.333],"y":[0,0,0]},"t":24,"s":[21,21,100]},{"i":{"x":[0.667,0.667,0.667],"y":[1,1,1]},"o":{"x":[0.167,0.167,0.167],"y":[-0.602,-0.602,0.062]},"t":33,"s":[114,114,100]},{"t":49,"s":[100,100,100]}],"ix":6,"l":2}},"ao":0,"w":1920,"h":1080,"ip":24,"op":124,"st":24,"bm":0}]},{"id":"comp_3","nm":"Precomp. 2","fr":25,"layers":[{"ddd":0,"ind":1,"ty":4,"nm":"Capa de formas 4","sr":1,"ks":{"o":{"a":0,"k":100,"ix":11},"r":{"a":0,"k":0,"ix":10},"p":{"a":0,"k":[960,540,0],"ix":2,"l":2},"a":{"a":0,"k":[0,0,0],"ix":1,"l":2},"s":{"a":0,"k":[100,100,100],"ix":6,"l":2}},"ao":0,"shapes":[{"ty":"gr","it":[{"d":1,"ty":"el","s":{"a":0,"k":[8.25,8.25],"ix":2},"p":{"a":0,"k":[0,0],"ix":3},"nm":"Trazado elíptico 1","mn":"ADBE Vector Shape - Ellipse","hd":false},{"ty":"st","c":{"a":0,"k":[0.9490196078431372,0.43529411764705883,0.12941176470588237,1],"ix":3},"o":{"a":0,"k":100,"ix":4},"w":{"a":0,"k":2.5,"ix":5},"lc":1,"lj":1,"ml":4,"bm":0,"nm":"Trazo 1","mn":"ADBE Vector Graphic - Stroke","hd":false},{"ty":"fl","c":{"a":0,"k":[1,1,1,1],"ix":4},"o":{"a":0,"k":100,"ix":5},"r":1,"bm":0,"nm":"Relleno 1","mn":"ADBE Vector Graphic - Fill","hd":false},{"ty":"tr","p":{"a":0,"k":[303.375,334.375],"ix":2},"a":{"a":0,"k":[0,0],"ix":1},"s":{"a":0,"k":[100,100],"ix":3},"r":{"a":0,"k":0,"ix":6},"o":{"a":0,"k":100,"ix":7},"sk":{"a":0,"k":0,"ix":4},"sa":{"a":0,"k":0,"ix":5},"nm":"Transformar"}],"nm":"Elipse 1","np":3,"cix":2,"bm":0,"ix":1,"mn":"ADBE Vector Group","hd":false}],"ip":0,"op":100,"st":0,"bm":0},{"ddd":0,"ind":2,"ty":4,"nm":"Capa de formas 3","sr":1,"ks":{"o":{"a":0,"k":100,"ix":11},"r":{"a":0,"k":0,"ix":10},"p":{"a":0,"k":[897.5,540,0],"ix":2,"l":2},"a":{"a":0,"k":[0,0,0],"ix":1,"l":2},"s":{"a":0,"k":[100,100,100],"ix":6,"l":2}},"ao":0,"shapes":[{"ty":"gr","it":[{"ind":0,"ty":"sh","ix":1,"ks":{"a":0,"k":{"i":[[5,3.75],[1.25,-5],[0,0],[0,0],[0,0]],"o":[[-5,-3.75],[-1.25,5],[0,0],[0,0],[0,0]],"v":[[371,328.75],[358.5,332],[361,341],[366,348],[372.5,339.625]],"c":true},"ix":2},"nm":"Trazado 1","mn":"ADBE Vector Shape - Group","hd":false},{"ty":"st","c":{"a":0,"k":[0.9490196078431372,0.43529411764705883,0.12941176470588237,1],"ix":3},"o":{"a":0,"k":100,"ix":4},"w":{"a":0,"k":2.5,"ix":5},"lc":2,"lj":2,"bm":0,"nm":"Trazo 1","mn":"ADBE Vector Graphic - Stroke","hd":false},{"ty":"fl","c":{"a":0,"k":[1,1,1,1],"ix":4},"o":{"a":0,"k":100,"ix":5},"r":1,"bm":0,"nm":"Relleno 1","mn":"ADBE Vector Graphic - Fill","hd":false},{"ty":"tr","p":{"a":0,"k":[0,0],"ix":2},"a":{"a":0,"k":[0,0],"ix":1},"s":{"a":0,"k":[100,100],"ix":3},"r":{"a":0,"k":0,"ix":6},"o":{"a":0,"k":100,"ix":7},"sk":{"a":0,"k":0,"ix":4},"sa":{"a":0,"k":0,"ix":5},"nm":"Transformar"}],"nm":"Forma 1","np":3,"cix":2,"bm":0,"ix":1,"mn":"ADBE Vector Group","hd":false}],"ip":0,"op":100,"st":0,"bm":0}]},{"id":"comp_4","nm":"Precomp. 1","fr":25,"layers":[{"ddd":0,"ind":5,"ty":4,"nm":"australia","sr":1,"ks":{"o":{"a":0,"k":100,"ix":11},"r":{"a":0,"k":0,"ix":10},"p":{"a":0,"k":[960,540,0],"ix":2,"l":2},"a":{"a":0,"k":[0,0,0],"ix":1,"l":2},"s":{"a":0,"k":[100,100,100],"ix":6,"l":2}},"ao":0,"shapes":[{"ty":"gr","it":[{"ind":0,"ty":"sh","ix":1,"ks":{"a":0,"k":{"i":[[5.75,1.25],[1.25,-1.75],[0.25,-3.25],[-2.75,0.25],[-2.75,0],[-1.75,2.25],[2.75,2]],"o":[[-5.75,-1.25],[-1.308,1.831],[-0.25,3.25],[2.75,-0.25],[2.75,0],[1.75,-2.25],[-2.75,-2]],"v":[[450.75,355],[440.25,359],[438,368],[445.5,369.5],[456.25,373],[462.25,367.75],[460.25,362]],"c":true},"ix":2},"nm":"Trazado 1","mn":"ADBE Vector Shape - Group","hd":false},{"ty":"st","c":{"a":0,"k":[0.9490196078431372,0.43529411764705883,0.12941176470588237,1],"ix":3},"o":{"a":0,"k":100,"ix":4},"w":{"a":0,"k":2.5,"ix":5},"lc":1,"lj":1,"ml":4,"bm":0,"nm":"Trazo 1","mn":"ADBE Vector Graphic - Stroke","hd":false},{"ty":"tr","p":{"a":0,"k":[0,0],"ix":2},"a":{"a":0,"k":[0,0],"ix":1},"s":{"a":0,"k":[100,100],"ix":3},"r":{"a":0,"k":0,"ix":6},"o":{"a":0,"k":100,"ix":7},"sk":{"a":0,"k":0,"ix":4},"sa":{"a":0,"k":0,"ix":5},"nm":"Transformar"}],"nm":"Forma 1","np":3,"cix":2,"bm":0,"ix":1,"mn":"ADBE Vector Group","hd":false}],"ip":0,"op":100,"st":0,"bm":0},{"ddd":0,"ind":6,"ty":4,"nm":"europa","sr":1,"ks":{"o":{"a":0,"k":100,"ix":11},"r":{"a":0,"k":0,"ix":10},"p":{"a":0,"k":[960,540,0],"ix":2,"l":2},"a":{"a":0,"k":[0,0,0],"ix":1,"l":2},"s":{"a":0,"k":[100,100,100],"ix":6,"l":2}},"ao":0,"shapes":[{"ty":"gr","it":[{"ind":0,"ty":"sh","ix":1,"ks":{"a":0,"k":{"i":[[0.375,0.25],[1.125,-1.25],[-2.125,-1.625],[-1,-0.625],[1.625,-2.375],[0,0],[-2.375,-2.75],[0,-1.625],[-3.125,0],[-2,2.5],[-5.875,0.5],[0,0],[1.625,5.375],[2.375,3.25],[3,0.5]],"o":[[-0.375,-0.25],[-1.125,1.25],[2.125,1.625],[1,0.625],[-1.625,2.375],[0,0],[2.375,2.75],[0,1.625],[3.125,0],[2,-2.5],[5.875,-0.5],[0,0],[-1.625,-5.375],[-2.375,-3.25],[-3,-0.5]],"v":[[545.125,286.5],[532.125,303.5],[530.5,310.5],[536.5,313.5],[537.625,318.5],[530.781,325.547],[530.5,331],[533.75,336.75],[537.125,340.375],[544.125,338.5],[552.125,333.375],[570.875,332.75],[570.75,310.75],[564.625,294.375],[557.625,286.875]],"c":true},"ix":2},"nm":"Trazado 1","mn":"ADBE Vector Shape - Group","hd":false},{"ty":"st","c":{"a":0,"k":[0.9490196078431372,0.43529411764705883,0.12941176470588237,1],"ix":3},"o":{"a":0,"k":100,"ix":4},"w":{"a":0,"k":2.5,"ix":5},"lc":1,"lj":1,"ml":4,"bm":0,"nm":"Trazo 1","mn":"ADBE Vector Graphic - Stroke","hd":false},{"ty":"tr","p":{"a":0,"k":[0,0],"ix":2},"a":{"a":0,"k":[0,0],"ix":1},"s":{"a":0,"k":[100,100],"ix":3},"r":{"a":0,"k":0,"ix":6},"o":{"a":0,"k":100,"ix":7},"sk":{"a":0,"k":0,"ix":4},"sa":{"a":0,"k":0,"ix":5},"nm":"Transformar"}],"nm":"Forma 1","np":3,"cix":2,"bm":0,"ix":1,"mn":"ADBE Vector Group","hd":false}],"ip":0,"op":100,"st":0,"bm":0},{"ddd":0,"ind":7,"ty":4,"nm":"americas","sr":1,"ks":{"o":{"a":0,"k":100,"ix":11},"r":{"a":0,"k":0,"ix":10},"p":{"a":0,"k":[990.5,540,0],"ix":2,"l":2},"a":{"a":0,"k":[0,0,0],"ix":1,"l":2},"s":{"a":0,"k":[100,100,100],"ix":6,"l":2}},"ao":0,"shapes":[{"ty":"gr","it":[{"ind":0,"ty":"sh","ix":1,"ks":{"a":0,"k":{"i":[[6.875,-0.75],[4,-0.25],[1.125,-2],[-0.125,0],[-5.125,-1.875],[-2.5,-4.25],[-0.5,-2.5],[-2.125,0.125],[-1.125,-0.75],[-0.875,-1.25],[-1.875,-1.125],[-0.625,-2.5],[-2.25,-1.75],[-0.125,-3.375],[-2.5,0.125],[-0.25,1.375],[-0.375,2.875],[-1,1.25],[-0.375,2.5],[1.75,2],[1.5,1.75],[2.625,1.125],[1.688,-0.812],[0,0],[1.188,2.188],[-1.062,1.062],[0,0],[-2.312,-0.5],[0,0],[-1.375,1.5],[-1.812,-0.062],[0,0],[-1.812,2.312],[0,0.25],[1.125,2],[-4.5,4]],"o":[[-6.875,0.75],[-4,0.25],[-1.125,2],[0.125,0],[5.125,1.875],[2.5,4.25],[0.5,2.5],[2.125,-0.125],[1.125,0.75],[0.875,1.25],[1.875,1.125],[0.625,2.5],[2.25,1.75],[0.125,3.375],[2.5,-0.125],[0.25,-1.375],[0.375,-2.875],[1,-1.25],[0.375,-2.5],[-1.75,-2],[-1.5,-1.75],[-2.625,-1.125],[-4.125,2.062],[0,0],[-1.188,-2.188],[1.062,-1.062],[0,0],[2.312,0.5],[0,0],[1.375,-1.5],[3.125,0.062],[0,0],[2.414,-3.08],[0,-0.25],[-1.125,-2],[4.5,-4]],"v":[[464.25,273],[428.875,280.25],[413,283.125],[415.75,295.875],[424.75,301.125],[434,309.625],[436.375,319.375],[439.875,324],[446,325.25],[452.875,332.375],[458,335.75],[461,340.375],[463.75,348.375],[470.125,359.25],[473.375,368.375],[478,361],[481.5,354.25],[485.75,347.375],[490,343.25],[485.625,335.875],[482.25,329.625],[472.125,326.25],[465.562,327.188],[459.75,327.438],[455.625,321.938],[457.688,316.312],[461.562,315.766],[464.875,316.375],[467.75,315.5],[470.125,313.125],[475.188,311.625],[478.688,311.062],[481.125,308],[481.5,301.938],[477,293.25],[483.25,277.625]],"c":true},"ix":2},"nm":"Trazado 1","mn":"ADBE Vector Shape - Group","hd":false},{"ty":"st","c":{"a":0,"k":[0.9490196078431372,0.43529411764705883,0.12941176470588237,1],"ix":3},"o":{"a":0,"k":100,"ix":4},"w":{"a":0,"k":2.5,"ix":5},"lc":1,"lj":1,"ml":4,"bm":0,"nm":"Trazo 1","mn":"ADBE Vector Graphic - Stroke","hd":false},{"ty":"tr","p":{"a":0,"k":[0,0],"ix":2},"a":{"a":0,"k":[0,0],"ix":1},"s":{"a":0,"k":[100,100],"ix":3},"r":{"a":0,"k":0,"ix":6},"o":{"a":0,"k":100,"ix":7},"sk":{"a":0,"k":0,"ix":4},"sa":{"a":0,"k":0,"ix":5},"nm":"Transformar"}],"nm":"Forma 1","np":3,"cix":2,"bm":0,"ix":1,"mn":"ADBE Vector Group","hd":false}],"ip":0,"op":100,"st":0,"bm":0}]}],"layers":[{"ddd":0,"ind":1,"ty":0,"nm":"Precomp. 24","refId":"comp_0","sr":1,"ks":{"o":{"a":0,"k":100,"ix":11},"r":{"a":0,"k":0,"ix":10},"p":{"a":0,"k":[-429,-253,0],"ix":2,"l":2},"a":{"a":0,"k":[960,540,0],"ix":1,"l":2},"s":{"a":0,"k":[100,100,100],"ix":6,"l":2}},"ao":0,"tm":{"a":1,"k":[{"i":{"x":[0.833],"y":[0.833]},"o":{"x":[0.167],"y":[0.167]},"t":0,"s":[0]},{"i":{"x":[0.833],"y":[0.833]},"o":{"x":[0.167],"y":[0.167]},"t":71,"s":[3.787]},{"t":89,"s":[3.787]}],"ix":2},"w":1920,"h":1080,"ip":0,"op":100,"st":0,"bm":0}],"markers":[]}