{"v":"5.7.0","fr":60,"ip":0,"op":180,"w":515,"h":515,"nm":"Comp 1","ddd":0,"assets":[],"layers":[{"ddd":0,"ind":1,"ty":4,"nm":"Shape Layer 3","sr":1,"ks":{"o":{"a":1,"k":[{"i":{"x":[0.667],"y":[1]},"o":{"x":[0.167],"y":[0.167]},"t":81,"s":[100]},{"t":100,"s":[0]}],"ix":11},"r":{"a":0,"k":0,"ix":10},"p":{"a":0,"k":[233,214,0],"ix":2},"a":{"a":0,"k":[-25,-42.75,0],"ix":1},"s":{"a":1,"k":[{"i":{"x":[0.667,0.667,0.667],"y":[1,1,1]},"o":{"x":[0.167,0.167,0.167],"y":[0.167,0.167,16.667]},"t":81,"s":[0,0,100]},{"t":100,"s":[100,100,100]}],"ix":6}},"ao":0,"shapes":[{"ty":"gr","it":[{"d":1,"ty":"el","s":{"a":0,"k":[43,43],"ix":2},"p":{"a":0,"k":[0,0],"ix":3},"nm":"Ellipse Path 1","mn":"ADBE Vector Shape - Ellipse","hd":false},{"ty":"st","c":{"a":0,"k":[0.980392156863,0.973336014093,0.96501345167,1],"ix":3},"o":{"a":0,"k":100,"ix":4},"w":{"a":0,"k":3,"ix":5},"lc":1,"lj":1,"ml":4,"bm":0,"nm":"Stroke 1","mn":"ADBE Vector Graphic - Stroke","hd":false},{"ty":"fl","c":{"a":0,"k":[0.98431372549,0.751575185738,0.193002693326,1],"ix":4},"o":{"a":0,"k":100,"ix":5},"r":1,"bm":0,"nm":"Fill 1","mn":"ADBE Vector Graphic - Fill","hd":false},{"ty":"tr","p":{"a":0,"k":[-25,-42.75],"ix":2},"a":{"a":0,"k":[0,0],"ix":1},"s":{"a":0,"k":[100,100],"ix":3},"r":{"a":0,"k":0,"ix":6},"o":{"a":0,"k":100,"ix":7},"sk":{"a":0,"k":0,"ix":4},"sa":{"a":0,"k":0,"ix":5},"nm":"Transform"}],"nm":"Ellipse 1","np":3,"cix":2,"bm":0,"ix":1,"mn":"ADBE Vector Group","hd":false}],"ip":81,"op":101,"st":1,"bm":0},{"ddd":0,"ind":2,"ty":4,"nm":"Shape Layer 2","sr":1,"ks":{"o":{"a":1,"k":[{"i":{"x":[0.667],"y":[1]},"o":{"x":[0.167],"y":[0.167]},"t":76,"s":[100]},{"t":95,"s":[0]}],"ix":11},"r":{"a":0,"k":0,"ix":10},"p":{"a":0,"k":[233,214,0],"ix":2},"a":{"a":0,"k":[-25,-42.75,0],"ix":1},"s":{"a":1,"k":[{"i":{"x":[0.667,0.667,0.667],"y":[1,1,1]},"o":{"x":[0.167,0.167,0.167],"y":[0.167,0.167,16.667]},"t":76,"s":[0,0,100]},{"t":95,"s":[100,100,100]}],"ix":6}},"ao":0,"shapes":[{"ty":"gr","it":[{"d":1,"ty":"el","s":{"a":0,"k":[43,43],"ix":2},"p":{"a":0,"k":[0,0],"ix":3},"nm":"Ellipse Path 1","mn":"ADBE Vector Shape - Ellipse","hd":false},{"ty":"st","c":{"a":0,"k":[0.980392156863,0.973336014093,0.96501345167,1],"ix":3},"o":{"a":0,"k":100,"ix":4},"w":{"a":0,"k":3,"ix":5},"lc":1,"lj":1,"ml":4,"bm":0,"nm":"Stroke 1","mn":"ADBE Vector Graphic - Stroke","hd":false},{"ty":"fl","c":{"a":0,"k":[0.98431372549,0.751575185738,0.193002693326,1],"ix":4},"o":{"a":0,"k":100,"ix":5},"r":1,"bm":0,"nm":"Fill 1","mn":"ADBE Vector Graphic - Fill","hd":false},{"ty":"tr","p":{"a":0,"k":[-25,-42.75],"ix":2},"a":{"a":0,"k":[0,0],"ix":1},"s":{"a":0,"k":[100,100],"ix":3},"r":{"a":0,"k":0,"ix":6},"o":{"a":0,"k":100,"ix":7},"sk":{"a":0,"k":0,"ix":4},"sa":{"a":0,"k":0,"ix":5},"nm":"Transform"}],"nm":"Ellipse 1","np":3,"cix":2,"bm":0,"ix":1,"mn":"ADBE Vector Group","hd":false}],"ip":76,"op":96,"st":-4,"bm":0},{"ddd":0,"ind":3,"ty":4,"nm":"Shape Layer 1","td":1,"sr":1,"ks":{"o":{"a":0,"k":100,"ix":11},"r":{"a":0,"k":0,"ix":10},"p":{"a":0,"k":[257.5,257.5,0],"ix":2},"a":{"a":0,"k":[0,0,0],"ix":1},"s":{"a":0,"k":[100,100,100],"ix":6}},"ao":0,"shapes":[{"ty":"gr","it":[{"ind":0,"ty":"sh","ix":1,"ks":{"a":0,"k":{"i":[[0,0],[0,0],[0,0],[59.011,6.401]],"o":[[0,0],[0,0],[0,0],[-73.75,-8]],"v":[[-175.5,164.5],[-142,-124],[-11,-100.5],[-38,241.5]],"c":true},"ix":2},"nm":"Path 1","mn":"ADBE Vector Shape - Group","hd":false},{"ty":"st","c":{"a":0,"k":[0.992156982422,0.658325015797,0.264575015797,1],"ix":3},"o":{"a":0,"k":100,"ix":4},"w":{"a":0,"k":0,"ix":5},"lc":1,"lj":1,"ml":4,"bm":0,"nm":"Stroke 1","mn":"ADBE Vector Graphic - Stroke","hd":false},{"ty":"fl","c":{"a":0,"k":[0.905882352941,0.510185331457,0.461822390089,1],"ix":4},"o":{"a":0,"k":100,"ix":5},"r":1,"bm":0,"nm":"Fill 1","mn":"ADBE Vector Graphic - Fill","hd":false},{"ty":"tr","p":{"a":0,"k":[0,0],"ix":2},"a":{"a":0,"k":[0,0],"ix":1},"s":{"a":0,"k":[100,100],"ix":3},"r":{"a":0,"k":0,"ix":6},"o":{"a":0,"k":100,"ix":7},"sk":{"a":0,"k":0,"ix":4},"sa":{"a":0,"k":0,"ix":5},"nm":"Transform"}],"nm":"Shape 1","np":3,"cix":2,"bm":0,"ix":1,"mn":"ADBE Vector Group","hd":false}],"ip":0,"op":180,"st":0,"bm":0},{"ddd":0,"ind":4,"ty":4,"nm":"hand Outlines","tt":1,"sr":1,"ks":{"o":{"a":0,"k":100,"ix":11},"r":{"a":1,"k":[{"i":{"x":[0.667],"y":[1]},"o":{"x":[0.167],"y":[0.167]},"t":20,"s":[0]},{"i":{"x":[0.667],"y":[1]},"o":{"x":[0.333],"y":[0]},"t":50,"s":[11]},{"i":{"x":[0.833],"y":[0.833]},"o":{"x":[0.333],"y":[0]},"t":96,"s":[11]},{"t":130,"s":[0]}],"ix":10},"p":{"a":1,"k":[{"i":{"x":0.667,"y":1},"o":{"x":0.167,"y":0.167},"t":20,"s":[153.399,421.767,0],"to":[1.833,-30.5,0],"ti":[-1.833,30.5,0]},{"i":{"x":0.667,"y":0.667},"o":{"x":0.333,"y":0.333},"t":50,"s":[164.399,238.767,0],"to":[0,0,0],"ti":[0,0,0]},{"i":{"x":0.833,"y":0.833},"o":{"x":0.333,"y":0},"t":96,"s":[164.399,238.767,0],"to":[-1.833,30.5,0],"ti":[1.833,-30.5,0]},{"t":130,"s":[153.399,421.767,0]}],"ix":2},"a":{"a":0,"k":[151.899,420.267,0],"ix":1},"s":{"a":0,"k":[100,100,100],"ix":6}},"ao":0,"shapes":[{"ty":"gr","it":[{"ind":0,"ty":"sh","ix":1,"ks":{"a":0,"k":{"i":[[0,0],[0,0],[0,0],[0,0]],"o":[[0,0],[0,0],[0,0],[0,0]],"v":[[124.97,585.168],[115.995,649.054],[187.651,671.799],[195.7,597.906]],"c":true},"ix":2},"nm":"Path 1","mn":"ADBE Vector Shape - Group","hd":false},{"ty":"st","c":{"a":0,"k":[0.992156982422,0.658325015797,0.264575015797,1],"ix":3},"o":{"a":0,"k":100,"ix":4},"w":{"a":0,"k":0,"ix":5},"lc":1,"lj":1,"ml":4,"bm":0,"nm":"Stroke 1","mn":"ADBE Vector Graphic - Stroke","hd":false},{"ty":"fl","c":{"a":0,"k":[0.956862745098,0.953110339595,0.953110339595,1],"ix":4},"o":{"a":0,"k":100,"ix":5},"r":1,"bm":0,"nm":"Fill 1","mn":"ADBE Vector Graphic - Fill","hd":false},{"ty":"tr","p":{"a":0,"k":[0,0],"ix":2},"a":{"a":0,"k":[0,0],"ix":1},"s":{"a":0,"k":[100,100],"ix":3},"r":{"a":0,"k":0,"ix":6},"o":{"a":0,"k":100,"ix":7},"sk":{"a":0,"k":0,"ix":4},"sa":{"a":0,"k":0,"ix":5},"nm":"Transform"}],"nm":"Shape 1","np":3,"cix":2,"bm":0,"ix":1,"mn":"ADBE Vector Group","hd":false},{"ty":"gr","it":[{"ind":0,"ty":"sh","ix":1,"ks":{"a":0,"k":{"i":[[0.283,0],[0.081,0.03],[-0.134,0.36],[-12.437,0.246],[-6.481,-3.016],[-0.854,-0.382],[2.308,-6.922],[8.951,0.109],[0.827,0.342],[-0.148,0.356],[-0.352,-0.149],[-9.02,-0.115],[-1.085,3.251],[9.566,4.289],[0.918,0.427],[10.362,-0.228],[0.112,-0.303]],"o":[[-0.081,0],[-0.36,-0.134],[0.472,-1.274],[10.772,-0.234],[0.911,0.424],[3.4,1.526],[-1.397,4.194],[-9.284,-0.118],[-0.358,-0.147],[0.143,-0.359],[0.2,0.082],[8.846,0.106],[1.397,-4.196],[-0.858,-0.385],[-6.349,-2.957],[-11.495,0.227],[-0.106,0.282]],"v":[[-35.449,16.302],[-35.692,16.258],[-36.102,15.364],[-11.963,-16.068],[13.342,-9.51],[15.989,-8.293],[33.928,8.112],[21.272,14.166],[-8.415,5.687],[-8.794,4.777],[-7.886,4.397],[21.291,12.771],[32.607,7.67],[15.416,-7.02],[12.753,-8.246],[-11.934,-14.674],[-34.795,15.846]],"c":true},"ix":2},"nm":"Path 1","mn":"ADBE Vector Shape - Group","hd":false},{"ty":"fl","c":{"a":0,"k":[0.310000011968,0.122000002394,0.216000007181,1],"ix":4},"o":{"a":0,"k":100,"ix":5},"r":1,"bm":0,"nm":"Fill 1","mn":"ADBE Vector Graphic - Fill","hd":false},{"ty":"tr","p":{"a":0,"k":[156.215,397.914],"ix":2},"a":{"a":0,"k":[0,0],"ix":1},"s":{"a":0,"k":[100,100],"ix":3},"r":{"a":0,"k":0,"ix":6},"o":{"a":0,"k":100,"ix":7},"sk":{"a":0,"k":0,"ix":4},"sa":{"a":0,"k":0,"ix":5},"nm":"Transform"}],"nm":"Group 1","np":2,"cix":2,"bm":0,"ix":2,"mn":"ADBE Vector Group","hd":false},{"ty":"gr","it":[{"ind":0,"ty":"sh","ix":1,"ks":{"a":0,"k":{"i":[[0.091,0],[0.112,0.266],[-0.356,0.151],[0,0],[-0.148,-0.355],[0.356,-0.15],[0,0]],"o":[[-0.272,0],[-0.15,-0.354],[0,0],[0.353,-0.147],[0.15,0.354],[0,0],[-0.088,0.038]],"v":[[-4.262,2.549],[-4.904,2.124],[-4.534,1.211],[3.99,-2.402],[4.904,-2.031],[4.533,-1.117],[-3.991,2.494]],"c":true},"ix":2},"nm":"Path 1","mn":"ADBE Vector Shape - Group","hd":false},{"ty":"fl","c":{"a":0,"k":[0.310000011968,0.122000002394,0.216000007181,1],"ix":4},"o":{"a":0,"k":100,"ix":5},"r":1,"bm":0,"nm":"Fill 1","mn":"ADBE Vector Graphic - Fill","hd":false},{"ty":"tr","p":{"a":0,"k":[163.727,431.744],"ix":2},"a":{"a":0,"k":[0,0],"ix":1},"s":{"a":0,"k":[100,100],"ix":3},"r":{"a":0,"k":0,"ix":6},"o":{"a":0,"k":100,"ix":7},"sk":{"a":0,"k":0,"ix":4},"sa":{"a":0,"k":0,"ix":5},"nm":"Transform"}],"nm":"Group 2","np":2,"cix":2,"bm":0,"ix":3,"mn":"ADBE Vector Group","hd":false},{"ty":"gr","it":[{"ind":0,"ty":"sh","ix":1,"ks":{"a":0,"k":{"i":[[0.386,0],[0,0.385],[4.511,10.297],[0.116,0.094],[-0.243,0.299],[-0.298,-0.239],[-4.645,-10.595],[0,-0.107]],"o":[[-0.384,0],[0,-0.104],[-4.506,-10.281],[-0.298,-0.242],[0.238,-0.302],[0.484,0.392],[4.633,10.575],[0,0.384]],"v":[[10.547,21.33],[9.851,20.633],[5.28,-0.212],[-10.897,-20.006],[-11,-20.987],[-10.02,-21.091],[6.558,-0.773],[11.243,20.633]],"c":true},"ix":2},"nm":"Path 1","mn":"ADBE Vector Shape - Group","hd":false},{"ty":"fl","c":{"a":0,"k":[0.310000011968,0.122000002394,0.216000007181,1],"ix":4},"o":{"a":0,"k":100,"ix":5},"r":1,"bm":0,"nm":"Fill 1","mn":"ADBE Vector Graphic - Fill","hd":false},{"ty":"tr","p":{"a":0,"k":[174.426,452.582],"ix":2},"a":{"a":0,"k":[0,0],"ix":1},"s":{"a":0,"k":[100,100],"ix":3},"r":{"a":0,"k":0,"ix":6},"o":{"a":0,"k":100,"ix":7},"sk":{"a":0,"k":0,"ix":4},"sa":{"a":0,"k":0,"ix":5},"nm":"Transform"}],"nm":"Group 3","np":2,"cix":2,"bm":0,"ix":4,"mn":"ADBE Vector Group","hd":false},{"ty":"gr","it":[{"ind":0,"ty":"sh","ix":1,"ks":{"a":0,"k":{"i":[[0.129,0],[0.134,0.209],[-0.325,0.206],[0.317,3.38],[1.199,5.402],[0,0],[7.298,3.704],[10.973,-2.4],[0.085,0.054],[-0.205,0.327],[-0.327,-0.198],[-3.4,0.742],[-6.905,-3.505],[-1.094,-4.996],[0,0],[-0.353,-3.772],[3.078,-1.958]],"o":[[-0.229,0],[-0.205,-0.325],[2.47,-1.571],[-0.348,-3.709],[0,0],[-1.035,-4.729],[-5.107,-2.594],[-4.025,0.883],[-0.327,-0.204],[0.2,-0.325],[0.048,0.028],[7.98,-1.748],[7.89,4.004],[0,0],[1.216,5.462],[0.348,3.684],[-0.117,0.074]],"v":[[17.739,19.62],[17.15,19.297],[17.365,18.335],[20.486,9.139],[18.364,-3.357],[18.206,-4.064],[9.354,-14.871],[-15.581,-15.169],[-21.794,-15.614],[-22.016,-16.575],[-21.061,-16.799],[-15.878,-16.531],[9.982,-16.116],[19.57,-4.363],[19.723,-3.66],[21.874,9.008],[18.114,19.51]],"c":true},"ix":2},"nm":"Path 1","mn":"ADBE Vector Shape - Group","hd":false},{"ty":"fl","c":{"a":0,"k":[0.310000011968,0.122000002394,0.216000007181,1],"ix":4},"o":{"a":0,"k":100,"ix":5},"r":1,"bm":0,"nm":"Fill 1","mn":"ADBE Vector Graphic - Fill","hd":false},{"ty":"tr","p":{"a":0,"k":[160.35,428.538],"ix":2},"a":{"a":0,"k":[0,0],"ix":1},"s":{"a":0,"k":[100,100],"ix":3},"r":{"a":0,"k":0,"ix":6},"o":{"a":0,"k":100,"ix":7},"sk":{"a":0,"k":0,"ix":4},"sa":{"a":0,"k":0,"ix":5},"nm":"Transform"}],"nm":"Group 4","np":2,"cix":2,"bm":0,"ix":5,"mn":"ADBE Vector Group","hd":false},{"ty":"gr","it":[{"ind":0,"ty":"sh","ix":1,"ks":{"a":0,"k":{"i":[[0.362,0],[0.016,0.001],[-0.028,0.383],[-3.777,11.809],[-0.589,2.163],[-4.807,2.64],[-10.629,-0.747],[-2.72,-6.254],[6.84,-5.195],[0.236,0.308],[-0.306,0.233],[0.084,0.14],[11.023,0.762],[5.768,-3.168],[1.745,-6.41],[0.949,-2.965],[0.009,-0.126]],"o":[[-0.017,0],[-0.384,-0.029],[0.01,-0.126],[0.942,-2.936],[1.798,-6.596],[5.951,-3.268],[8.855,0.61],[0.064,0.086],[-0.305,0.234],[-0.234,-0.308],[5.768,-4.378],[-2.177,-4.984],[-10.257,-0.685],[-4.289,2.355],[-0.594,2.178],[-3.729,11.656],[-0.029,0.363]],"v":[[-34.896,25.932],[-34.949,25.93],[-35.593,25.183],[-30.815,0.576],[-28.617,-6.977],[-21.109,-19.524],[2.178,-25.185],[32.914,-15.035],[28.78,-5.42],[27.802,-5.554],[27.936,-6.532],[31.684,-14.389],[2.083,-23.795],[-20.437,-18.3],[-27.27,-6.61],[-29.485,1.002],[-34.201,25.29]],"c":true},"ix":2},"nm":"Path 1","mn":"ADBE Vector Shape - Group","hd":false},{"ty":"fl","c":{"a":0,"k":[0.310000011968,0.122000002394,0.216000007181,1],"ix":4},"o":{"a":0,"k":100,"ix":5},"r":1,"bm":0,"nm":"Fill 1","mn":"ADBE Vector Graphic - Fill","hd":false},{"ty":"tr","p":{"a":0,"k":[143.558,396.236],"ix":2},"a":{"a":0,"k":[0,0],"ix":1},"s":{"a":0,"k":[100,100],"ix":3},"r":{"a":0,"k":0,"ix":6},"o":{"a":0,"k":100,"ix":7},"sk":{"a":0,"k":0,"ix":4},"sa":{"a":0,"k":0,"ix":5},"nm":"Transform"}],"nm":"Group 5","np":2,"cix":2,"bm":0,"ix":6,"mn":"ADBE Vector Group","hd":false},{"ty":"gr","it":[{"ind":0,"ty":"sh","ix":1,"ks":{"a":1,"k":[{"i":{"x":0.833,"y":0.833},"o":{"x":0.167,"y":0.167},"t":60,"s":[{"i":[[0,0],[0,0],[-0.48,0.126],[-0.026,0.025],[-1.238,0.203],[-0.127,0.025],[-6.291,-3.032],[-0.682,-0.404],[-1.036,-3.891],[-0.025,-0.05],[-0.151,-0.734],[-0.303,-1.39],[-0.076,-0.354],[-0.051,-0.657],[1.465,-2.451],[0,0],[-1.895,-2.249],[-1.137,-6.418],[-0.405,-5.988],[6.974,2.804],[9.348,5.332],[1.112,1.642],[3.31,3.664],[0.657,8.995],[-0.101,0.732],[-0.303,1.617],[-2.097,3.866],[-0.152,0.076],[-0.051,0.076],[-0.075,0.051],[-4.952,4.294],[-7.479,1.416],[-0.177,0.026],[-0.228,-4.27],[0,-0.177],[0,0],[0,0],[-3.183,-0.556],[-3.461,-0.807],[-2.653,-2.198],[-0.076,-0.076],[-0.152,-0.152],[0.152,-0.758],[1.061,-0.606],[0,0],[-4.523,-2.476],[-0.253,-0.15],[-1.567,-2.653],[-0.05,-0.074],[0.505,-1.541],[0.758,-0.758],[0.152,-0.126],[0.026,0],[0.278,-0.139],[2.862,0.27],[2.653,0.455],[3.74,1.214],[0.228,0.102],[0,0]],"o":[[0,0],[0,0],[0.025,0.025],[0.632,-0.126],[0.126,-0.025],[5.963,-0.985],[0.834,0.429],[4.245,2.653],[0,0.025],[0.177,0.682],[0.278,1.238],[0.051,0.354],[0.152,0.657],[0.404,5.559],[-0.48,0.859],[0,0],[2.122,2.527],[1.314,7.453],[-7.277,-2.148],[-10.081,-4.043],[-0.809,-2.526],[-1.314,-1.92],[-7.656,-8.489],[-0.051,-0.783],[0.202,-1.389],[2.274,-12.153],[0.202,-0.404],[0.076,-0.051],[0.025,-0.052],[1.137,-1.693],[5.356,-4.624],[0.177,-0.025],[7.1,-1.212],[0.051,0.151],[-0.429,5.786],[0,0],[0,0],[2.703,0.455],[5.761,1.365],[0.076,0.076],[0.177,0.152],[0.606,0.708],[-1.086,5.053],[-0.354,0.202],[0,0],[0.253,0.126],[3.335,1.871],[0.051,0.076],[0.809,1.441],[-0.429,1.263],[-0.152,0.126],[-0.025,0.025],[-0.231,0.163],[-2.096,1.278],[-3.689,-0.354],[-2.653,-0.48],[-0.227,-0.05],[-4.523,-1.491],[0,0]],"v":[[-6.519,-5.96],[-6.595,-5.859],[-5.837,-6.037],[-5.786,-6.037],[-2.931,-6.567],[-2.577,-6.643],[20.82,-5.86],[23.094,-4.622],[29.966,5.055],[29.991,5.156],[30.471,7.253],[31.305,11.22],[31.507,12.281],[31.785,14.252],[28.071,27.643],[27.237,29.007],[30.699,32.215],[36.485,45.405],[38.987,68.069],[6.611,234.115],[-19.546,219.017],[-6.927,46.549],[-21.83,31.458],[-40.502,2.124],[-40.426,-0.175],[-39.668,-4.698],[-30.269,-38.253],[-29.738,-38.985],[-29.561,-39.137],[-29.435,-39.289],[-25.468,-51.442],[4.801,-66.754],[5.357,-66.856],[20.795,-62.964],[20.82,-62.484],[4.447,-53.944],[-4.093,-47.526],[1.238,-46.692],[10.839,-44.773],[25.089,-39.391],[25.342,-39.162],[25.822,-38.682],[26.946,-35.201],[22.108,-28.929],[21.527,-28.651],[30.421,-24.659],[31.154,-24.231],[39.366,-17.332],[39.492,-17.106],[40.048,-12.633],[38.229,-9.626],[37.774,-9.247],[37.723,-9.222],[36.952,-8.772],[29.233,-7.529],[19.051,-9.424],[8.565,-12.356],[7.857,-12.583],[-0.531,-15.488]],"c":true}]},{"i":{"x":0.833,"y":0.833},"o":{"x":0.167,"y":0.167},"t":70,"s":[{"i":[[0,0],[0,0],[-0.48,0.126],[-0.026,0.025],[-1.238,0.203],[-0.127,0.025],[-6.291,-3.032],[-0.682,-0.404],[-1.036,-3.891],[-0.025,-0.05],[-0.151,-0.734],[-0.303,-1.39],[-0.076,-0.354],[-0.051,-0.657],[1.465,-2.451],[0,0],[-1.895,-2.249],[-1.137,-6.418],[-0.405,-5.988],[6.974,2.804],[9.348,5.332],[1.112,1.642],[3.31,3.664],[0.657,8.995],[-0.101,0.732],[-0.303,1.617],[-2.097,3.866],[-0.152,0.076],[-0.051,0.076],[-0.075,0.051],[-3.479,5.555],[-7.479,1.416],[-0.177,0.026],[-0.228,-4.27],[0,-0.177],[0,0],[0,0],[-3.183,-0.556],[-3.461,-0.807],[-2.653,-2.198],[-0.076,-0.076],[-0.152,-0.152],[0.152,-0.758],[1.061,-0.606],[0,0],[-4.523,-2.476],[-0.253,-0.15],[-1.567,-2.653],[-0.05,-0.074],[0.505,-1.541],[0.758,-0.758],[0.152,-0.126],[0.026,0],[0.278,-0.139],[2.862,0.27],[2.653,0.455],[3.74,1.214],[0.228,0.102],[0,0]],"o":[[0,0],[0,0],[0.025,0.025],[0.632,-0.126],[0.126,-0.025],[5.963,-0.985],[0.834,0.429],[4.245,2.653],[0,0.025],[0.177,0.682],[0.278,1.238],[0.051,0.354],[0.152,0.657],[0.404,5.559],[-0.48,0.859],[0,0],[2.122,2.527],[1.314,7.453],[-7.277,-2.148],[-10.081,-4.043],[-0.809,-2.526],[-1.314,-1.92],[-7.656,-8.489],[-0.051,-0.783],[0.202,-1.389],[2.274,-12.153],[0.202,-0.404],[0.076,-0.051],[0.025,-0.052],[1.137,-1.693],[4.318,-6.894],[0.177,-0.025],[7.1,-1.212],[0.051,0.151],[-0.429,5.786],[0,0],[0,0],[2.703,0.455],[5.761,1.365],[0.076,0.076],[0.177,0.152],[0.606,0.708],[-1.086,5.053],[-0.354,0.202],[0,0],[0.253,0.126],[3.335,1.871],[0.051,0.076],[0.809,1.441],[-0.429,1.263],[-0.152,0.126],[-0.025,0.025],[-0.231,0.163],[-2.096,1.278],[-3.689,-0.354],[-2.653,-0.48],[-0.227,-0.05],[-4.523,-1.491],[0,0]],"v":[[-6.519,-5.96],[-6.595,-5.859],[-5.837,-6.037],[-5.786,-6.037],[-2.931,-6.567],[-2.577,-6.643],[20.82,-5.86],[23.094,-4.622],[29.966,5.055],[29.991,5.156],[30.471,7.252],[31.305,11.22],[31.507,12.281],[31.785,14.252],[28.071,27.643],[27.237,29.006],[30.699,32.216],[36.485,45.405],[38.987,68.069],[6.611,234.115],[-19.546,219.016],[-6.927,46.549],[-21.83,31.458],[-40.502,2.124],[-40.426,-0.175],[-39.668,-4.698],[-30.269,-38.253],[-29.738,-38.985],[-29.561,-39.137],[-29.435,-39.289],[-25.468,-51.442],[2.842,-76.179],[3.398,-76.281],[18.836,-72.389],[18.861,-71.909],[2.488,-63.369],[-4.093,-47.526],[1.238,-46.692],[10.839,-44.773],[25.089,-39.391],[25.342,-39.162],[25.822,-38.682],[26.946,-35.201],[22.108,-28.929],[21.527,-28.651],[30.421,-24.66],[31.154,-24.231],[39.366,-17.333],[39.492,-17.106],[40.048,-12.633],[38.229,-9.626],[37.774,-9.248],[37.723,-9.222],[36.952,-8.772],[29.233,-7.529],[19.051,-9.424],[8.565,-12.356],[7.857,-12.583],[-0.531,-15.488]],"c":true}]},{"i":{"x":0.667,"y":1},"o":{"x":0.167,"y":0.167},"t":74,"s":[{"i":[[0,0],[0,0],[-0.48,0.126],[-0.026,0.025],[-1.238,0.203],[-0.127,0.025],[-6.291,-3.032],[-0.682,-0.404],[-1.036,-3.891],[-0.025,-0.05],[-0.151,-0.734],[-0.303,-1.39],[-0.076,-0.354],[-0.051,-0.657],[1.465,-2.451],[0,0],[-1.895,-2.249],[-1.137,-6.418],[-0.405,-5.988],[6.974,2.804],[9.348,5.332],[1.112,1.642],[3.31,3.664],[0.657,8.995],[-0.101,0.732],[-0.303,1.617],[-2.097,3.866],[-0.152,0.076],[-0.051,0.076],[-0.075,0.051],[-3.479,5.555],[-7.479,1.416],[-0.177,0.026],[-0.228,-4.27],[0,-0.177],[0,0],[0,0],[-3.183,-0.556],[-3.461,-0.807],[-2.653,-2.198],[-0.076,-0.076],[-0.152,-0.152],[0.152,-0.758],[1.061,-0.606],[0,0],[-4.523,-2.476],[-0.253,-0.15],[-1.567,-2.653],[-0.05,-0.074],[0.505,-1.541],[0.758,-0.758],[0.152,-0.126],[0.026,0],[0.278,-0.139],[2.862,0.27],[2.653,0.455],[3.74,1.214],[0.228,0.102],[0,0]],"o":[[0,0],[0,0],[0.025,0.025],[0.632,-0.126],[0.126,-0.025],[5.963,-0.985],[0.834,0.429],[4.245,2.653],[0,0.025],[0.177,0.682],[0.278,1.238],[0.051,0.354],[0.152,0.657],[0.404,5.559],[-0.48,0.859],[0,0],[2.122,2.527],[1.314,7.453],[-7.277,-2.148],[-10.081,-4.043],[-0.809,-2.526],[-1.314,-1.92],[-7.656,-8.489],[-0.051,-0.783],[0.202,-1.389],[2.274,-12.153],[0.202,-0.404],[0.076,-0.051],[0.025,-0.052],[1.137,-1.693],[4.318,-6.894],[0.177,-0.025],[7.1,-1.212],[0.051,0.151],[-0.429,5.786],[0,0],[0,0],[2.703,0.455],[5.761,1.365],[0.076,0.076],[0.177,0.152],[0.606,0.708],[-1.086,5.053],[-0.354,0.202],[0,0],[0.253,0.126],[3.335,1.871],[0.051,0.076],[0.809,1.441],[-0.429,1.263],[-0.152,0.126],[-0.025,0.025],[-0.231,0.163],[-2.096,1.278],[-3.689,-0.354],[-2.653,-0.48],[-0.227,-0.05],[-4.523,-1.491],[0,0]],"v":[[-6.519,-5.96],[-6.595,-5.859],[-5.837,-6.036],[-5.786,-6.036],[-2.931,-6.567],[-2.577,-6.643],[20.82,-5.86],[23.094,-4.622],[29.966,5.055],[29.991,5.156],[30.471,7.253],[31.305,11.22],[31.507,12.281],[31.785,14.252],[28.071,27.643],[27.237,29.006],[30.699,32.216],[36.485,45.405],[38.987,68.069],[6.611,234.115],[-19.546,219.016],[-6.927,46.549],[-21.83,31.458],[-40.502,2.124],[-40.426,-0.175],[-39.668,-4.698],[-30.269,-38.253],[-29.738,-38.985],[-29.561,-39.137],[-29.435,-39.289],[-25.468,-51.442],[2.842,-76.179],[3.398,-76.281],[18.836,-72.389],[18.861,-71.909],[2.488,-63.369],[-4.093,-47.526],[1.238,-46.692],[10.839,-44.773],[25.089,-39.391],[25.342,-39.162],[25.822,-38.682],[26.946,-35.201],[22.108,-28.929],[21.527,-28.651],[30.421,-24.659],[31.154,-24.231],[39.366,-17.332],[39.492,-17.106],[40.048,-12.633],[38.229,-9.626],[37.774,-9.247],[37.723,-9.222],[36.952,-8.772],[29.233,-7.529],[19.051,-9.424],[8.565,-12.356],[7.857,-12.583],[-0.531,-15.488]],"c":true}]},{"t":82,"s":[{"i":[[0,0],[0,0],[-0.48,0.126],[-0.026,0.025],[-1.238,0.203],[-0.127,0.025],[-6.291,-3.032],[-0.682,-0.404],[-1.036,-3.891],[-0.025,-0.05],[-0.151,-0.734],[-0.303,-1.39],[-0.076,-0.354],[-0.051,-0.657],[1.465,-2.451],[0,0],[-1.895,-2.249],[-1.137,-6.418],[-0.405,-5.988],[6.974,2.804],[9.348,5.332],[1.112,1.642],[3.31,3.664],[0.657,8.995],[-0.101,0.732],[-0.303,1.617],[-2.097,3.866],[-0.152,0.076],[-0.051,0.076],[-0.075,0.051],[-4.952,4.294],[-7.479,1.416],[-0.177,0.026],[-0.228,-4.27],[0,-0.177],[0,0],[0,0],[-3.183,-0.556],[-3.461,-0.807],[-2.653,-2.198],[-0.076,-0.076],[-0.152,-0.152],[0.152,-0.758],[1.061,-0.606],[0,0],[-4.523,-2.476],[-0.253,-0.15],[-1.567,-2.653],[-0.05,-0.074],[0.505,-1.541],[0.758,-0.758],[0.152,-0.126],[0.026,0],[0.278,-0.139],[2.862,0.27],[2.653,0.455],[3.74,1.214],[0.228,0.102],[0,0]],"o":[[0,0],[0,0],[0.025,0.025],[0.632,-0.126],[0.126,-0.025],[5.963,-0.985],[0.834,0.429],[4.245,2.653],[0,0.025],[0.177,0.682],[0.278,1.238],[0.051,0.354],[0.152,0.657],[0.404,5.559],[-0.48,0.859],[0,0],[2.122,2.527],[1.314,7.453],[-7.277,-2.148],[-10.081,-4.043],[-0.809,-2.526],[-1.314,-1.92],[-7.656,-8.489],[-0.051,-0.783],[0.202,-1.389],[2.274,-12.153],[0.202,-0.404],[0.076,-0.051],[0.025,-0.052],[1.137,-1.693],[5.356,-4.624],[0.177,-0.025],[7.1,-1.212],[0.051,0.151],[-0.429,5.786],[0,0],[0,0],[2.703,0.455],[5.761,1.365],[0.076,0.076],[0.177,0.152],[0.606,0.708],[-1.086,5.053],[-0.354,0.202],[0,0],[0.253,0.126],[3.335,1.871],[0.051,0.076],[0.809,1.441],[-0.429,1.263],[-0.152,0.126],[-0.025,0.025],[-0.231,0.163],[-2.096,1.278],[-3.689,-0.354],[-2.653,-0.48],[-0.227,-0.05],[-4.523,-1.491],[0,0]],"v":[[-6.519,-5.96],[-6.595,-5.859],[-5.837,-6.036],[-5.786,-6.036],[-2.931,-6.567],[-2.577,-6.643],[20.82,-5.86],[23.094,-4.622],[29.966,5.055],[29.991,5.156],[30.471,7.253],[31.305,11.22],[31.507,12.281],[31.785,14.252],[28.071,27.643],[27.237,29.007],[30.699,32.216],[36.485,45.405],[38.987,68.069],[6.611,234.115],[-19.546,219.017],[-6.927,46.549],[-21.83,31.458],[-40.502,2.124],[-40.426,-0.175],[-39.668,-4.698],[-30.269,-38.253],[-29.738,-38.985],[-29.561,-39.137],[-29.435,-39.289],[-25.468,-51.442],[4.801,-66.754],[5.357,-66.856],[20.795,-62.964],[20.82,-62.484],[4.447,-53.944],[-4.093,-47.526],[1.238,-46.692],[10.839,-44.773],[25.089,-39.391],[25.342,-39.162],[25.822,-38.682],[26.946,-35.201],[22.108,-28.929],[21.527,-28.651],[30.421,-24.659],[31.154,-24.231],[39.366,-17.332],[39.492,-17.106],[40.048,-12.633],[38.229,-9.626],[37.774,-9.247],[37.723,-9.222],[36.952,-8.772],[29.233,-7.529],[19.051,-9.424],[8.565,-12.356],[7.857,-12.583],[-0.531,-15.488]],"c":true}]}],"ix":2},"nm":"Path 1","mn":"ADBE Vector Shape - Group","hd":false},{"ty":"fl","c":{"a":0,"k":[1,0.647000002394,0.603999956916,1],"ix":4},"o":{"a":0,"k":100,"ix":5},"r":1,"bm":0,"nm":"Fill 1","mn":"ADBE Vector Graphic - Fill","hd":false},{"ty":"tr","p":{"a":0,"k":[149.198,418.916],"ix":2},"a":{"a":0,"k":[0,0],"ix":1},"s":{"a":0,"k":[100,100],"ix":3},"r":{"a":0,"k":0,"ix":6},"o":{"a":0,"k":100,"ix":7},"sk":{"a":0,"k":0,"ix":4},"sa":{"a":0,"k":0,"ix":5},"nm":"Transform"}],"nm":"Group 6","np":2,"cix":2,"bm":0,"ix":7,"mn":"ADBE Vector Group","hd":false},{"ty":"gr","it":[{"ind":0,"ty":"sh","ix":1,"ks":{"a":0,"k":{"i":[[0.833,-11.445],[-0.329,-7.379],[2.375,0.707],[6.974,2.804],[0,0],[0,0],[0,0],[0.176,0.569]],"o":[[-0.985,13.29],[-2.4,-0.633],[-7.277,-2.148],[0,0],[0,0],[0,0],[0,0],[2.926,6.069]],"v":[[14.719,1.908],[1.915,208.195],[-28.26,197.699],[-15.637,29.246],[-15.551,-12.317],[-11.837,-16.03],[-9.723,-23.731],[11.13,-27.856]],"c":true},"ix":2},"nm":"Path 1","mn":"ADBE Vector Shape - Group","hd":false},{"ty":"fl","c":{"a":0,"k":[1,0.647000002394,0.603999956916,1],"ix":4},"o":{"a":0,"k":100,"ix":5},"r":1,"bm":0,"nm":"Fill 1","mn":"ADBE Vector Graphic - Fill","hd":false},{"ty":"tr","p":{"a":0,"k":[180.945,452.788],"ix":2},"a":{"a":0,"k":[0,0],"ix":1},"s":{"a":0,"k":[100,100],"ix":3},"r":{"a":0,"k":0,"ix":6},"o":{"a":0,"k":100,"ix":7},"sk":{"a":0,"k":0,"ix":4},"sa":{"a":0,"k":0,"ix":5},"nm":"Transform"}],"nm":"Group 7","np":2,"cix":2,"bm":0,"ix":8,"mn":"ADBE Vector Group","hd":false}],"ip":0,"op":180,"st":0,"bm":0},{"ddd":0,"ind":5,"ty":4,"nm":"foto Outlines","parent":4,"sr":1,"ks":{"o":{"a":0,"k":100,"ix":11},"r":{"a":1,"k":[{"i":{"x":[0.667],"y":[1]},"o":{"x":[0.333],"y":[0]},"t":35,"s":[0]},{"i":{"x":[0.667],"y":[1]},"o":{"x":[0.333],"y":[0]},"t":60,"s":[14]},{"i":{"x":[0.667],"y":[1]},"o":{"x":[0.333],"y":[0]},"t":96,"s":[14]},{"t":130,"s":[0]}],"ix":10},"p":{"a":1,"k":[{"i":{"x":0.667,"y":1},"o":{"x":0.333,"y":0},"t":35,"s":[195.653,385.095,0],"to":[0.583,0.583,0],"ti":[-0.583,-0.583,0]},{"i":{"x":0.667,"y":0.667},"o":{"x":0.333,"y":0.333},"t":60,"s":[199.153,388.595,0],"to":[0,0,0],"ti":[0,0,0]},{"i":{"x":0.667,"y":1},"o":{"x":0.333,"y":0},"t":96,"s":[199.153,388.595,0],"to":[-0.583,-0.583,0],"ti":[0.583,0.583,0]},{"t":130,"s":[195.653,385.095,0]}],"ix":2},"a":{"a":0,"k":[195.653,385.095,0],"ix":1},"s":{"a":0,"k":[100,100,100],"ix":6}},"ao":0,"shapes":[{"ty":"gr","it":[{"ty":"rc","d":1,"s":{"a":0,"k":[16.501,4.247],"ix":2},"p":{"a":0,"k":[0,0],"ix":3},"r":{"a":0,"k":20,"ix":4},"nm":"Rectangle Path 1","mn":"ADBE Vector Shape - Rect","hd":false},{"ty":"st","c":{"a":0,"k":[0.411764735802,0.250980392157,0.333333333333,1],"ix":3},"o":{"a":0,"k":100,"ix":4},"w":{"a":0,"k":2,"ix":5},"lc":1,"lj":1,"ml":4,"bm":0,"nm":"Stroke 1","mn":"ADBE Vector Graphic - Stroke","hd":false},{"ty":"fl","c":{"a":0,"k":[0.458823559331,0.231372563979,0.345098039216,1],"ix":4},"o":{"a":0,"k":100,"ix":5},"r":1,"bm":0,"nm":"Fill 1","mn":"ADBE Vector Graphic - Fill","hd":false},{"ty":"tr","p":{"a":0,"k":[152.716,363.596],"ix":2},"a":{"a":0,"k":[0,0],"ix":1},"s":{"a":0,"k":[100,100],"ix":3},"r":{"a":0,"k":-24.102,"ix":6},"o":{"a":0,"k":100,"ix":7},"sk":{"a":0,"k":0,"ix":4},"sa":{"a":0,"k":0,"ix":5},"nm":"Transform"}],"nm":"Rectangle 1","np":3,"cix":2,"bm":0,"ix":1,"mn":"ADBE Vector Group","hd":false},{"ty":"gr","it":[{"ind":0,"ty":"sh","ix":1,"ks":{"a":0,"k":{"i":[[0.228,-2.77],[-1.057,-0.634],[-1.227,-0.106],[-1.227,0.623],[0.383,1.321],[1.005,0.275],[1.039,-0.077]],"o":[[-0.102,1.229],[1.056,0.635],[1.371,0.118],[1.227,-0.622],[-0.29,-1.001],[-1.005,-0.275],[-1.833,0.135]],"v":[[-5.698,-0.662],[-3.926,2.367],[-0.384,3.305],[3.658,2.808],[5.418,-0.565],[3.169,-2.538],[0.061,-2.662]],"c":true},"ix":2},"nm":"Path 1","mn":"ADBE Vector Shape - Group","hd":false},{"ty":"fl","c":{"a":0,"k":[1,1,1,1],"ix":4},"o":{"a":0,"k":100,"ix":5},"r":1,"bm":0,"nm":"Fill 1","mn":"ADBE Vector Graphic - Fill","hd":false},{"ty":"tr","p":{"a":0,"k":[210.416,388.706],"ix":2},"a":{"a":0,"k":[0,0],"ix":1},"s":{"a":0,"k":[100,100],"ix":3},"r":{"a":0,"k":0,"ix":6},"o":{"a":0,"k":100,"ix":7},"sk":{"a":0,"k":0,"ix":4},"sa":{"a":0,"k":0,"ix":5},"nm":"Transform"}],"nm":"Group 1","np":2,"cix":2,"bm":0,"ix":2,"mn":"ADBE Vector Group","hd":false},{"ty":"gr","it":[{"ind":0,"ty":"sh","ix":1,"ks":{"a":0,"k":{"i":[[-0.311,-1.739],[-1.144,-1.517],[-1.46,-0.701],[-1.303,0.962],[-0.107,1.211],[0.443,1.132],[1.983,1.498],[1.647,-1.203]],"o":[[0.334,1.87],[0.975,1.293],[1.46,0.7],[0.979,-0.72],[0.107,-1.211],[-0.908,-2.314],[-1.384,-1.046],[-1.556,1.137]],"v":[[-6.046,-1.177],[-3.562,3.894],[0,7.127],[4.618,6.93],[6.25,3.791],[5.621,0.232],[1.172,-5.635],[-4.414,-6.689]],"c":true},"ix":2},"nm":"Path 1","mn":"ADBE Vector Shape - Group","hd":false},{"ty":"fl","c":{"a":0,"k":[1,1,1,1],"ix":4},"o":{"a":0,"k":100,"ix":5},"r":1,"bm":0,"nm":"Fill 1","mn":"ADBE Vector Graphic - Fill","hd":false},{"ty":"tr","p":{"a":0,"k":[217.108,367.214],"ix":2},"a":{"a":0,"k":[0,0],"ix":1},"s":{"a":0,"k":[100,100],"ix":3},"r":{"a":0,"k":0,"ix":6},"o":{"a":0,"k":100,"ix":7},"sk":{"a":0,"k":0,"ix":4},"sa":{"a":0,"k":0,"ix":5},"nm":"Transform"}],"nm":"Group 2","np":2,"cix":2,"bm":0,"ix":3,"mn":"ADBE Vector Group","hd":false},{"ty":"gr","it":[{"ind":0,"ty":"sh","ix":1,"ks":{"a":0,"k":{"i":[[10.169,0],[0,-10.171],[-10.171,0],[0,10.17]],"o":[[-10.171,0],[0,10.17],[10.169,0],[-0.001,-10.172]],"v":[[0.002,-18.445],[-18.443,0.001],[0.002,18.446],[18.445,0.001]],"c":true},"ix":2},"nm":"Path 1","mn":"ADBE Vector Shape - Group","hd":false},{"ind":1,"ty":"sh","ix":2,"ks":{"a":0,"k":{"i":[[10.443,0],[0,10.443],[-10.443,0],[0,-10.444]],"o":[[-10.443,0],[0,-10.443],[10.443,0],[0,10.443]],"v":[[0.002,18.939],[-18.939,0.001],[0.002,-18.939],[18.939,0.001]],"c":true},"ix":2},"nm":"Path 2","mn":"ADBE Vector Shape - Group","hd":false},{"ty":"mm","mm":1,"nm":"Merge Paths 1","mn":"ADBE Vector Filter - Merge","hd":false},{"ty":"fl","c":{"a":0,"k":[1,1,1,1],"ix":4},"o":{"a":0,"k":100,"ix":5},"r":1,"bm":0,"nm":"Fill 1","mn":"ADBE Vector Graphic - Fill","hd":false},{"ty":"tr","p":{"a":0,"k":[209.182,376.194],"ix":2},"a":{"a":0,"k":[0,0],"ix":1},"s":{"a":0,"k":[100,100],"ix":3},"r":{"a":0,"k":0,"ix":6},"o":{"a":0,"k":100,"ix":7},"sk":{"a":0,"k":0,"ix":4},"sa":{"a":0,"k":0,"ix":5},"nm":"Transform"}],"nm":"Group 3","np":4,"cix":2,"bm":0,"ix":4,"mn":"ADBE Vector Group","hd":false},{"ty":"gr","it":[{"ind":0,"ty":"sh","ix":1,"ks":{"a":0,"k":{"i":[[14.334,0],[0,-14.335],[-14.334,0],[0,14.335]],"o":[[-14.334,0],[0,14.335],[14.334,0],[0,-14.335]],"v":[[0,-25.998],[-25.998,0],[0,25.999],[25.998,0]],"c":true},"ix":2},"nm":"Path 1","mn":"ADBE Vector Shape - Group","hd":false},{"ind":1,"ty":"sh","ix":2,"ks":{"a":0,"k":{"i":[[14.72,0],[0,14.72],[-14.721,0],[0,-14.721]],"o":[[-14.721,0],[0,-14.72],[14.721,0],[-0.001,14.72]],"v":[[0,26.694],[-26.695,0],[0,-26.694],[26.695,0]],"c":true},"ix":2},"nm":"Path 2","mn":"ADBE Vector Shape - Group","hd":false},{"ty":"mm","mm":1,"nm":"Merge Paths 1","mn":"ADBE Vector Filter - Merge","hd":false},{"ty":"fl","c":{"a":0,"k":[1,1,1,1],"ix":4},"o":{"a":0,"k":100,"ix":5},"r":1,"bm":0,"nm":"Fill 1","mn":"ADBE Vector Graphic - Fill","hd":false},{"ty":"tr","p":{"a":0,"k":[209.183,376.194],"ix":2},"a":{"a":0,"k":[0,0],"ix":1},"s":{"a":0,"k":[100,100],"ix":3},"r":{"a":0,"k":0,"ix":6},"o":{"a":0,"k":100,"ix":7},"sk":{"a":0,"k":0,"ix":4},"sa":{"a":0,"k":0,"ix":5},"nm":"Transform"}],"nm":"Group 4","np":4,"cix":2,"bm":0,"ix":5,"mn":"ADBE Vector Group","hd":false},{"ty":"gr","it":[{"ind":0,"ty":"sh","ix":1,"ks":{"a":0,"k":{"i":[[0.048,0],[0.059,0.13],[0,0],[-0.177,0.077],[-0.081,-0.175],[0,0],[0.176,-0.077]],"o":[[-0.134,0],[0,0],[-0.076,-0.177],[0.172,-0.077],[0,0],[0.076,0.177],[-0.045,0.02]],"v":[[14.775,33.572],[14.456,33.365],[-15.095,-33.034],[-14.916,-33.495],[-14.456,-33.319],[15.095,33.081],[14.916,33.541]],"c":true},"ix":2},"nm":"Path 1","mn":"ADBE Vector Shape - Group","hd":false},{"ty":"fl","c":{"a":0,"k":[1,1,1,1],"ix":4},"o":{"a":0,"k":100,"ix":5},"r":1,"bm":0,"nm":"Fill 1","mn":"ADBE Vector Graphic - Fill","hd":false},{"ty":"tr","p":{"a":0,"k":[243.717,362.019],"ix":2},"a":{"a":0,"k":[0,0],"ix":1},"s":{"a":0,"k":[100,100],"ix":3},"r":{"a":0,"k":0,"ix":6},"o":{"a":0,"k":100,"ix":7},"sk":{"a":0,"k":0,"ix":4},"sa":{"a":0,"k":0,"ix":5},"nm":"Transform"}],"nm":"Group 5","np":2,"cix":2,"bm":0,"ix":6,"mn":"ADBE Vector Group","hd":false},{"ty":"gr","it":[{"ind":0,"ty":"sh","ix":1,"ks":{"a":0,"k":{"i":[[0,0],[0,0],[0,0],[0,0]],"o":[[0,0],[0,0],[0,0],[0,0]],"v":[[-68.003,-9.792],[38.808,-58.568],[68.003,7.654],[-45.217,58.567]],"c":true},"ix":2},"nm":"Path 1","mn":"ADBE Vector Shape - Group","hd":false},{"ty":"fl","c":{"a":0,"k":[0.458999992819,0.231000010173,0.344999994016,1],"ix":4},"o":{"a":0,"k":100,"ix":5},"r":1,"bm":0,"nm":"Fill 1","mn":"ADBE Vector Graphic - Fill","hd":false},{"ty":"tr","p":{"a":0,"k":[195.653,385.095],"ix":2},"a":{"a":0,"k":[0,0],"ix":1},"s":{"a":0,"k":[100,100],"ix":3},"r":{"a":0,"k":0,"ix":6},"o":{"a":0,"k":100,"ix":7},"sk":{"a":0,"k":0,"ix":4},"sa":{"a":0,"k":0,"ix":5},"nm":"Transform"}],"nm":"Group 6","np":2,"cix":2,"bm":0,"ix":7,"mn":"ADBE Vector Group","hd":false}],"ip":0,"op":180,"st":0,"bm":0},{"ddd":0,"ind":6,"ty":4,"nm":"face Outlines","sr":1,"ks":{"o":{"a":0,"k":100,"ix":11},"r":{"a":0,"k":0,"ix":10},"p":{"a":1,"k":[{"i":{"x":0.667,"y":1},"o":{"x":0.167,"y":0.167},"t":0,"s":[238.1,195.7,0],"to":[2.5,0,0],"ti":[-2.5,0,0]},{"i":{"x":0.667,"y":0.667},"o":{"x":0.333,"y":0.333},"t":20,"s":[253.1,195.7,0],"to":[0,0,0],"ti":[0,0,0]},{"i":{"x":0.833,"y":0.833},"o":{"x":0.333,"y":0},"t":100,"s":[253.1,195.7,0],"to":[-2.5,0,0],"ti":[2.5,0,0]},{"t":120,"s":[238.1,195.7,0]}],"ix":2},"a":{"a":0,"k":[236.6,194.2,0],"ix":1},"s":{"a":0,"k":[100,100,100],"ix":6}},"ao":0,"shapes":[{"ty":"gr","it":[{"ind":0,"ty":"sh","ix":1,"ks":{"a":0,"k":{"i":[[0.05,0],[2.21,1.857],[-0.241,0.284],[-0.281,-0.238],[-2.64,0.024],[-1.965,1.737],[-0.248,-0.281],[0.279,-0.247],[2.935,-0.039]],"o":[[-2.89,0],[-0.284,-0.238],[0.243,-0.285],[2.005,1.685],[2.618,-0.033],[0.279,-0.247],[0.246,0.278],[-2.201,1.948],[-0.052,0]],"v":[[-0.104,2.19],[-8.115,-0.725],[-8.196,-1.673],[-7.247,-1.755],[0.03,0.842],[7.24,-1.943],[8.191,-1.885],[8.131,-0.935],[0.048,2.19]],"c":true},"ix":2},"nm":"Path 1","mn":"ADBE Vector Shape - Group","hd":false},{"ty":"fl","c":{"a":0,"k":[0.310000011968,0.122000002394,0.216000007181,1],"ix":4},"o":{"a":0,"k":100,"ix":5},"r":1,"bm":0,"nm":"Fill 1","mn":"ADBE Vector Graphic - Fill","hd":false},{"ty":"tr","p":{"a":0,"k":[233.8,227.343],"ix":2},"a":{"a":0,"k":[0,0],"ix":1},"s":{"a":0,"k":[100,100],"ix":3},"r":{"a":0,"k":0,"ix":6},"o":{"a":0,"k":100,"ix":7},"sk":{"a":0,"k":0,"ix":4},"sa":{"a":0,"k":0,"ix":5},"nm":"Transform"}],"nm":"Group 1","np":2,"cix":2,"bm":0,"ix":1,"mn":"ADBE Vector Group","hd":false},{"ty":"gr","it":[{"ind":0,"ty":"sh","ix":1,"ks":{"a":0,"k":{"i":[[0.427,0],[3.135,0.216],[1.35,0.075],[-0.01,0.364],[-2.508,11.766],[-0.379,-0.071],[0.079,-0.364],[0.303,-11.739],[-1.159,-0.08],[-3.102,0.005],[0,0],[0,-0.372]],"o":[[-3.128,0],[-1.376,-0.094],[-0.362,-0.02],[0.269,-12.038],[0.076,-0.362],[0.362,0.079],[-2.444,11.472],[1.142,0.069],[3.169,0.218],[0,0],[0.372,0],[0.003,0.427]],"v":[[6.698,18.927],[-2.803,18.488],[-6.897,18.225],[-7.531,17.538],[-3.348,-18.337],[-2.548,-18.857],[-2.031,-18.056],[-6.171,16.918],[-2.714,17.146],[6.865,17.581],[6.867,17.581],[7.538,18.253]],"c":true},"ix":2},"nm":"Path 1","mn":"ADBE Vector Shape - Group","hd":false},{"ty":"fl","c":{"a":0,"k":[0.310000011968,0.122000002394,0.216000007181,1],"ix":4},"o":{"a":0,"k":100,"ix":5},"r":1,"bm":0,"nm":"Fill 1","mn":"ADBE Vector Graphic - Fill","hd":false},{"ty":"tr","p":{"a":0,"k":[226.676,200.191],"ix":2},"a":{"a":0,"k":[0,0],"ix":1},"s":{"a":1,"k":[{"i":{"x":[0.667,0.667],"y":[1,1]},"o":{"x":[0.167,0.167],"y":[0.167,0]},"t":0,"s":[100,100]},{"i":{"x":[0.667,0.667],"y":[1,1]},"o":{"x":[0.333,0.333],"y":[0,0]},"t":20,"s":[63.958,100]},{"i":{"x":[0.833,0.833],"y":[0.833,1]},"o":{"x":[0.333,0.333],"y":[0,0]},"t":100,"s":[63.958,100]},{"t":120,"s":[100,100]}],"ix":3},"r":{"a":0,"k":0,"ix":6},"o":{"a":0,"k":100,"ix":7},"sk":{"a":0,"k":0,"ix":4},"sa":{"a":0,"k":0,"ix":5},"nm":"Transform"}],"nm":"Group 2","np":2,"cix":2,"bm":0,"ix":2,"mn":"ADBE Vector Group","hd":false},{"ty":"gr","it":[{"ind":0,"ty":"sh","ix":1,"ks":{"a":0,"k":{"i":[[0,-3.229],[2.564,0],[0,3.228],[-2.564,0]],"o":[[0,3.229],[-2.564,0],[0,-3.228],[2.564,0]],"v":[[4.643,0],[0,5.846],[-4.643,0],[0,-5.846]],"c":true},"ix":2},"nm":"Path 1","mn":"ADBE Vector Shape - Group","hd":false},{"ty":"fl","c":{"a":0,"k":[0.310000011968,0.122000002394,0.216000007181,1],"ix":4},"o":{"a":0,"k":100,"ix":5},"r":1,"bm":0,"nm":"Fill 1","mn":"ADBE Vector Graphic - Fill","hd":false},{"ty":"tr","p":{"a":0,"k":[255.701,189.2],"ix":2},"a":{"a":0,"k":[0,0],"ix":1},"s":{"a":1,"k":[{"i":{"x":[0.667,0.667],"y":[1,1]},"o":{"x":[0.167,0.167],"y":[0,0.167]},"t":140,"s":[100,100]},{"i":{"x":[0.833,0.833],"y":[1,0.833]},"o":{"x":[0.333,0.333],"y":[0,0]},"t":152,"s":[100,34.213]},{"t":163,"s":[100,100]}],"ix":3},"r":{"a":0,"k":0,"ix":6},"o":{"a":0,"k":100,"ix":7},"sk":{"a":0,"k":0,"ix":4},"sa":{"a":0,"k":0,"ix":5},"nm":"Transform"}],"nm":"Group 3","np":2,"cix":2,"bm":0,"ix":3,"mn":"ADBE Vector Group","hd":false},{"ty":"gr","it":[{"ind":0,"ty":"sh","ix":1,"ks":{"a":0,"k":{"i":[[0,-3.228],[2.565,0],[0,3.229],[-2.564,0]],"o":[[0,3.229],[-2.565,0],[0,-3.229],[2.564,0]],"v":[[4.643,0],[0,5.846],[-4.643,0],[0,-5.846]],"c":true},"ix":2},"nm":"Path 1","mn":"ADBE Vector Shape - Group","hd":false},{"ty":"fl","c":{"a":0,"k":[0.310000011968,0.122000002394,0.216000007181,1],"ix":4},"o":{"a":0,"k":100,"ix":5},"r":1,"bm":0,"nm":"Fill 1","mn":"ADBE Vector Graphic - Fill","hd":false},{"ty":"tr","p":{"a":0,"k":[206.317,189.658],"ix":2},"a":{"a":0,"k":[0,0],"ix":1},"s":{"a":1,"k":[{"i":{"x":[0.667,0.667],"y":[1,1]},"o":{"x":[0.167,0.167],"y":[0,0.167]},"t":140,"s":[100,100]},{"i":{"x":[0.833,0.833],"y":[1,0.833]},"o":{"x":[0.333,0.333],"y":[0,0]},"t":152,"s":[100,34.213]},{"t":163,"s":[100,100]}],"ix":3},"r":{"a":0,"k":0,"ix":6},"o":{"a":0,"k":100,"ix":7},"sk":{"a":0,"k":0,"ix":4},"sa":{"a":0,"k":0,"ix":5},"nm":"Transform"}],"nm":"Group 4","np":2,"cix":2,"bm":0,"ix":4,"mn":"ADBE Vector Group","hd":false},{"ty":"gr","it":[{"ind":0,"ty":"sh","ix":1,"ks":{"a":0,"k":{"i":[[-4.763,-1.424],[-0.754,-0.617],[2.088,-2.558],[3.045,-1.023],[1.247,-0.31],[1.791,0.949],[-1.935,3.13]],"o":[[0.918,0.274],[2.528,2.067],[-2.088,2.558],[-1.221,0.41],[-1.951,0.484],[-3.161,-1.676],[2.818,-4.558]],"v":[[6.971,-7.715],[9.563,-6.481],[9.618,2.57],[1.288,7.305],[-2.402,8.432],[-8.285,8.189],[-10.156,-1.546]],"c":true},"ix":2},"nm":"Path 1","mn":"ADBE Vector Shape - Group","hd":false},{"ty":"fl","c":{"a":0,"k":[1,0.493999974868,0.40800000359,1],"ix":4},"o":{"a":0,"k":100,"ix":5},"r":1,"bm":0,"nm":"Fill 1","mn":"ADBE Vector Graphic - Fill","hd":false},{"ty":"tr","p":{"a":1,"k":[{"i":{"x":0.667,"y":1},"o":{"x":0.167,"y":0.167},"t":140,"s":[208.059,166.935],"to":[0,0],"ti":[0,0]},{"i":{"x":0.833,"y":0.833},"o":{"x":0.333,"y":0},"t":152,"s":[208.059,170.435],"to":[0,0],"ti":[0,0]},{"t":163,"s":[208.059,166.935]}],"ix":2},"a":{"a":0,"k":[0,0],"ix":1},"s":{"a":0,"k":[100,100],"ix":3},"r":{"a":0,"k":0,"ix":6},"o":{"a":0,"k":100,"ix":7},"sk":{"a":0,"k":0,"ix":4},"sa":{"a":0,"k":0,"ix":5},"nm":"Transform"}],"nm":"Group 5","np":2,"cix":2,"bm":0,"ix":5,"mn":"ADBE Vector Group","hd":false},{"ty":"gr","it":[{"ind":0,"ty":"sh","ix":1,"ks":{"a":0,"k":{"i":[[4.797,-2.646],[0.678,-0.838],[-2.773,-2.245],[-3.474,-0.378],[-1.399,-0.037],[-1.716,1.438],[2.73,2.894]],"o":[[-0.924,0.51],[-2.269,2.807],[2.773,2.245],[1.392,0.151],[2.189,0.059],[3.029,-2.538],[-3.976,-4.213]],"v":[[-8.959,-6.241],[-11.473,-4.31],[-9.626,5.388],[0.284,8.492],[4.47,8.828],[10.714,7.182],[10.664,-3.676]],"c":true},"ix":2},"nm":"Path 1","mn":"ADBE Vector Shape - Group","hd":false},{"ty":"fl","c":{"a":0,"k":[1,0.493999974868,0.40800000359,1],"ix":4},"o":{"a":0,"k":100,"ix":5},"r":1,"bm":0,"nm":"Fill 1","mn":"ADBE Vector Graphic - Fill","hd":false},{"ty":"tr","p":{"a":1,"k":[{"i":{"x":0.667,"y":1},"o":{"x":0.167,"y":0.167},"t":140,"s":[263.537,167.172],"to":[0,0],"ti":[0,0]},{"i":{"x":0.833,"y":0.833},"o":{"x":0.333,"y":0},"t":152,"s":[263.537,170.672],"to":[0,0],"ti":[0,0]},{"t":163,"s":[263.537,167.172]}],"ix":2},"a":{"a":0,"k":[0,0],"ix":1},"s":{"a":0,"k":[100,100],"ix":3},"r":{"a":0,"k":0,"ix":6},"o":{"a":0,"k":100,"ix":7},"sk":{"a":0,"k":0,"ix":4},"sa":{"a":0,"k":0,"ix":5},"nm":"Transform"}],"nm":"Group 6","np":2,"cix":2,"bm":0,"ix":6,"mn":"ADBE Vector Group","hd":false}],"ip":0,"op":180,"st":0,"bm":0},{"ddd":0,"ind":7,"ty":4,"nm":"head Outlines","sr":1,"ks":{"o":{"a":0,"k":100,"ix":11},"r":{"a":0,"k":0,"ix":10},"p":{"a":0,"k":[265.648,201.66,0],"ix":2},"a":{"a":0,"k":[264.148,200.16,0],"ix":1},"s":{"a":0,"k":[100,100,100],"ix":6}},"ao":0,"shapes":[{"ty":"gr","it":[{"ind":0,"ty":"sh","ix":1,"ks":{"a":1,"k":[{"i":{"x":0.667,"y":1},"o":{"x":0.167,"y":0.167},"t":0,"s":[{"i":[[-8.056,12.854],[8.64,1.558],[21.45,-6.885],[6.511,-5.192],[0.95,-8.274],[-1.257,-2.083],[-3.087,-0.16],[-2.976,0.836],[-1.671,-4.238],[-4.465,-0.839],[-4.412,1.085],[-12.844,12.81]],"o":[[-4.069,-3.127],[-22.171,-3.998],[-7.93,2.545],[-6.512,5.192],[-0.278,2.418],[1.597,2.647],[3.087,0.159],[-1.305,4.363],[1.667,4.226],[4.465,0.839],[17.615,-4.334],[10.742,-10.711]],"v":[[58.714,-26.456],[41.826,-33.195],[-23.59,-26.417],[-45.887,-15.461],[-58.436,5.404],[-57.346,12.487],[-49.464,16.637],[-40.359,15.117],[-40.247,28.546],[-29.784,36.354],[-16.301,35.322],[30.546,8.956]],"c":true}]},{"i":{"x":0.667,"y":1},"o":{"x":0.333,"y":0},"t":20,"s":[{"i":[[-1.036,14.908],[8.64,1.558],[21.45,-6.885],[6.511,-5.192],[0.95,-8.274],[-1.257,-2.083],[-3.087,-0.16],[-2.976,0.836],[-1.671,-4.238],[-4.465,-0.839],[-4.412,1.085],[-12.844,12.81]],"o":[[-4.069,-3.127],[-22.171,-3.998],[-7.93,2.545],[-6.512,5.192],[-0.278,2.418],[1.597,2.647],[3.087,0.159],[-1.305,4.363],[1.667,4.226],[4.465,0.839],[17.615,-4.334],[10.742,-10.711]],"v":[[65.214,-22.456],[41.826,-33.195],[-13.09,-29.417],[-35.387,-18.461],[-47.936,2.404],[-46.846,9.487],[-38.964,13.637],[-29.859,12.117],[-29.747,25.546],[-17.784,37.354],[-4.301,36.322],[47.046,11.456]],"c":true}]},{"i":{"x":0.833,"y":0.833},"o":{"x":0.333,"y":0},"t":100,"s":[{"i":[[-1.036,14.908],[8.64,1.558],[21.45,-6.885],[6.511,-5.192],[0.95,-8.274],[-1.257,-2.083],[-3.087,-0.16],[-2.976,0.836],[-1.671,-4.238],[-4.465,-0.839],[-4.412,1.085],[-12.844,12.81]],"o":[[-4.069,-3.127],[-22.171,-3.998],[-7.93,2.545],[-6.512,5.192],[-0.278,2.418],[1.597,2.647],[3.087,0.159],[-1.305,4.363],[1.667,4.226],[4.465,0.839],[17.615,-4.334],[10.742,-10.711]],"v":[[65.214,-22.456],[41.826,-33.195],[-13.09,-29.417],[-35.387,-18.461],[-47.936,2.404],[-46.846,9.487],[-38.964,13.637],[-29.859,12.117],[-29.747,25.546],[-17.784,37.354],[-4.301,36.322],[47.046,11.456]],"c":true}]},{"t":120,"s":[{"i":[[-8.056,12.854],[8.64,1.558],[21.45,-6.885],[6.511,-5.192],[0.95,-8.274],[-1.257,-2.083],[-3.087,-0.16],[-2.976,0.836],[-1.671,-4.238],[-4.465,-0.839],[-4.412,1.085],[-12.844,12.81]],"o":[[-4.069,-3.127],[-22.171,-3.998],[-7.93,2.545],[-6.512,5.192],[-0.278,2.418],[1.597,2.647],[3.087,0.159],[-1.305,4.363],[1.667,4.226],[4.465,0.839],[17.615,-4.334],[10.742,-10.711]],"v":[[58.714,-26.456],[41.826,-33.195],[-23.59,-26.417],[-45.887,-15.461],[-58.436,5.404],[-57.346,12.487],[-49.464,16.637],[-40.359,15.117],[-40.247,28.546],[-29.784,36.354],[-16.301,35.322],[30.546,8.956]],"c":true}]}],"ix":2},"nm":"Path 1","mn":"ADBE Vector Shape - Group","hd":false},{"ty":"gr","it":[{"ty":"tr","p":{"a":0,"k":[0,0],"ix":2},"a":{"a":0,"k":[0,0],"ix":1},"s":{"a":0,"k":[100,100],"ix":3},"r":{"a":0,"k":0,"ix":6},"o":{"a":0,"k":100,"ix":7},"sk":{"a":0,"k":0,"ix":4},"sa":{"a":0,"k":0,"ix":5},"nm":"Transform"}],"nm":"Group 1","np":0,"cix":2,"bm":0,"ix":2,"mn":"ADBE Vector Group","hd":false},{"ty":"mm","mm":4,"nm":"Merge Paths 1","mn":"ADBE Vector Filter - Merge","hd":false},{"ty":"fl","c":{"a":0,"k":[1,0.493999974868,0.40800000359,1],"ix":4},"o":{"a":0,"k":100,"ix":5},"r":1,"bm":0,"nm":"Fill 1","mn":"ADBE Vector Graphic - Fill","hd":false},{"ty":"tr","p":{"a":0,"k":[234.323,115.048],"ix":2},"a":{"a":0,"k":[0,0],"ix":1},"s":{"a":0,"k":[100,100],"ix":3},"r":{"a":0,"k":0,"ix":6},"o":{"a":0,"k":100,"ix":7},"sk":{"a":0,"k":0,"ix":4},"sa":{"a":0,"k":0,"ix":5},"nm":"Transform"}],"nm":"Group 1","np":4,"cix":2,"bm":0,"ix":1,"mn":"ADBE Vector Group","hd":false},{"ty":"gr","it":[{"ind":0,"ty":"sh","ix":1,"ks":{"a":1,"k":[{"i":{"x":0.667,"y":1},"o":{"x":0.167,"y":0.167},"t":0,"s":[{"i":[[0.909,-7.353],[0.631,-2.198],[4.522,-3.714],[4.371,19.936],[-8.363,16.979],[-1.617,-28.956],[-0.126,-0.783]],"o":[[-0.657,2.274],[-6.065,0.657],[-18.648,-8.313],[-4.043,-18.47],[26.732,10.081],[0.302,0.708],[1.011,6.873]],"v":[[29.081,37.256],[27.137,44.002],[10.259,50.773],[-26.176,4.333],[-18.546,-50.773],[28.552,13.379],[29.208,15.602]],"c":true}]},{"i":{"x":0.667,"y":1},"o":{"x":0.333,"y":0},"t":20,"s":[{"i":[[0.909,-7.353],[0.631,-2.198],[4.522,-3.714],[8.029,18.068],[-8.363,16.979],[-1.617,-28.956],[-0.126,-0.783]],"o":[[-0.657,2.274],[-6.065,0.657],[-18.648,-8.313],[-4.878,-10.977],[26.732,10.081],[0.302,0.708],[1.011,6.873]],"v":[[29.081,37.256],[27.137,44.002],[16.259,52.773],[-12.176,6.833],[-12.046,-46.273],[28.552,13.379],[29.208,15.602]],"c":true}]},{"i":{"x":0.833,"y":0.833},"o":{"x":0.333,"y":0},"t":100,"s":[{"i":[[0.909,-7.353],[0.631,-2.198],[4.522,-3.714],[8.029,18.068],[-8.363,16.979],[-1.617,-28.956],[-0.126,-0.783]],"o":[[-0.657,2.274],[-6.065,0.657],[-18.648,-8.313],[-4.878,-10.977],[26.732,10.081],[0.302,0.708],[1.011,6.873]],"v":[[29.081,37.256],[27.137,44.002],[16.259,52.773],[-12.176,6.833],[-12.046,-46.273],[28.552,13.379],[29.208,15.602]],"c":true}]},{"t":120,"s":[{"i":[[0.909,-7.353],[0.631,-2.198],[4.522,-3.714],[4.371,19.936],[-8.363,16.979],[-1.617,-28.956],[-0.126,-0.783]],"o":[[-0.657,2.274],[-6.065,0.657],[-18.648,-8.313],[-4.043,-18.47],[26.732,10.081],[0.302,0.708],[1.011,6.873]],"v":[[29.081,37.256],[27.137,44.002],[10.259,50.773],[-26.176,4.333],[-18.546,-50.773],[28.552,13.379],[29.208,15.602]],"c":true}]}],"ix":2},"nm":"Path 1","mn":"ADBE Vector Shape - Group","hd":false},{"ty":"gr","it":[{"ty":"tr","p":{"a":0,"k":[0,0],"ix":2},"a":{"a":0,"k":[0,0],"ix":1},"s":{"a":0,"k":[100,100],"ix":3},"r":{"a":0,"k":0,"ix":6},"o":{"a":0,"k":100,"ix":7},"sk":{"a":0,"k":0,"ix":4},"sa":{"a":0,"k":0,"ix":5},"nm":"Transform"}],"nm":"Group 1","np":0,"cix":2,"bm":0,"ix":2,"mn":"ADBE Vector Group","hd":false},{"ty":"mm","mm":4,"nm":"Merge Paths 1","mn":"ADBE Vector Filter - Merge","hd":false},{"ty":"fl","c":{"a":0,"k":[1,0.493999974868,0.40800000359,1],"ix":4},"o":{"a":0,"k":100,"ix":5},"r":1,"bm":0,"nm":"Fill 1","mn":"ADBE Vector Graphic - Fill","hd":false},{"ty":"tr","p":{"a":0,"k":[308.554,138.144],"ix":2},"a":{"a":0,"k":[0,0],"ix":1},"s":{"a":0,"k":[100,100],"ix":3},"r":{"a":0,"k":0,"ix":6},"o":{"a":0,"k":100,"ix":7},"sk":{"a":0,"k":0,"ix":4},"sa":{"a":0,"k":0,"ix":5},"nm":"Transform"}],"nm":"Group 2","np":4,"cix":2,"bm":0,"ix":2,"mn":"ADBE Vector Group","hd":false},{"ty":"gr","it":[{"ind":0,"ty":"sh","ix":1,"ks":{"a":0,"k":{"i":[[0.421,0.014],[0.03,0.005],[-0.059,0.457],[-11.838,5.542],[-0.193,-0.422],[0.419,-0.193],[1.687,-12.409]],"o":[[-0.027,-0.001],[-0.453,-0.062],[1.762,-12.953],[0.401,-0.197],[0.198,0.415],[-11.336,5.31],[-0.059,0.426]],"v":[[-11.018,15.789],[-11.103,15.783],[-11.816,14.844],[10.571,-15.607],[11.677,-15.204],[11.275,-14.099],[-10.163,15.07]],"c":true},"ix":2},"nm":"Path 1","mn":"ADBE Vector Shape - Group","hd":false},{"ty":"gr","it":[{"ty":"tr","p":{"a":0,"k":[0,0],"ix":2},"a":{"a":0,"k":[0,0],"ix":1},"s":{"a":0,"k":[100,100],"ix":3},"r":{"a":0,"k":0,"ix":6},"o":{"a":0,"k":100,"ix":7},"sk":{"a":0,"k":0,"ix":4},"sa":{"a":0,"k":0,"ix":5},"nm":"Transform"}],"nm":"Group 1","np":0,"cix":2,"bm":0,"ix":2,"mn":"ADBE Vector Group","hd":false},{"ty":"mm","mm":4,"nm":"Merge Paths 1","mn":"ADBE Vector Filter - Merge","hd":false},{"ty":"fl","c":{"a":0,"k":[0.310000011968,0.122000002394,0.216000007181,1],"ix":4},"o":{"a":0,"k":100,"ix":5},"r":1,"bm":0,"nm":"Fill 1","mn":"ADBE Vector Graphic - Fill","hd":false},{"ty":"tr","p":{"a":0,"k":[336.608,200.862],"ix":2},"a":{"a":0,"k":[0,0],"ix":1},"s":{"a":1,"k":[{"i":{"x":[0.667,0.667],"y":[1,1]},"o":{"x":[0.167,0.167],"y":[0.167,0]},"t":0,"s":[100,100]},{"i":{"x":[0.667,0.667],"y":[1,1]},"o":{"x":[0.333,0.333],"y":[0,0]},"t":20,"s":[61,100]},{"i":{"x":[0.833,0.833],"y":[0.833,1]},"o":{"x":[0.333,0.333],"y":[0,0]},"t":100,"s":[61,100]},{"t":120,"s":[100,100]}],"ix":3},"r":{"a":0,"k":0,"ix":6},"o":{"a":0,"k":100,"ix":7},"sk":{"a":0,"k":0,"ix":4},"sa":{"a":0,"k":0,"ix":5},"nm":"Transform"}],"nm":"Group 3","np":4,"cix":2,"bm":0,"ix":3,"mn":"ADBE Vector Group","hd":false},{"ty":"gr","it":[{"ind":0,"ty":"sh","ix":1,"ks":{"a":0,"k":{"i":[[-15.206,3.156],[-2.217,-0.508],[-1.499,-4.621],[1.113,-4.73],[3.679,-3.075],[5.32,-0.21],[2.977,2.451],[0.833,1.721]],"o":[[2.229,-0.463],[4.737,1.084],[1.499,4.621],[-1.098,4.667],[-4.084,3.414],[-3.853,0.152],[-1.477,-1.215],[-7.061,-14.596]],"v":[[4.164,-20.298],[10.936,-20.418],[20.819,-10.594],[20.825,3.8],[14.116,16.237],[-0.888,20.775],[-11.9,18.214],[-15.257,13.618]],"c":true},"ix":2},"nm":"Path 1","mn":"ADBE Vector Shape - Group","hd":false},{"ty":"gr","it":[{"ty":"tr","p":{"a":0,"k":[0,0],"ix":2},"a":{"a":0,"k":[0,0],"ix":1},"s":{"a":0,"k":[100,100],"ix":3},"r":{"a":0,"k":0,"ix":6},"o":{"a":0,"k":100,"ix":7},"sk":{"a":0,"k":0,"ix":4},"sa":{"a":0,"k":0,"ix":5},"nm":"Transform"}],"nm":"Group 1","np":0,"cix":2,"bm":0,"ix":2,"mn":"ADBE Vector Group","hd":false},{"ty":"mm","mm":4,"nm":"Merge Paths 1","mn":"ADBE Vector Filter - Merge","hd":false},{"ty":"fl","c":{"a":0,"k":[1,0.647000002394,0.603999956916,1],"ix":4},"o":{"a":0,"k":100,"ix":5},"r":1,"bm":0,"nm":"Fill 1","mn":"ADBE Vector Graphic - Fill","hd":false},{"ty":"tr","p":{"a":0,"k":[330.728,203.754],"ix":2},"a":{"a":0,"k":[0,0],"ix":1},"s":{"a":1,"k":[{"i":{"x":[0.667,0.667],"y":[1,1]},"o":{"x":[0.167,0.167],"y":[0.167,0]},"t":0,"s":[100,100]},{"i":{"x":[0.667,0.667],"y":[1,1]},"o":{"x":[0.333,0.333],"y":[0,0]},"t":20,"s":[68,100]},{"i":{"x":[0.833,0.833],"y":[0.833,1]},"o":{"x":[0.333,0.333],"y":[0,0]},"t":100,"s":[68,100]},{"t":120,"s":[100,100]}],"ix":3},"r":{"a":0,"k":0,"ix":6},"o":{"a":0,"k":100,"ix":7},"sk":{"a":0,"k":0,"ix":4},"sa":{"a":0,"k":0,"ix":5},"nm":"Transform"}],"nm":"Group 4","np":4,"cix":2,"bm":0,"ix":4,"mn":"ADBE Vector Group","hd":false},{"ty":"gr","it":[{"ind":0,"ty":"sh","ix":1,"ks":{"a":1,"k":[{"i":{"x":0.667,"y":1},"o":{"x":0.167,"y":0.167},"t":0,"s":[{"i":[[0.909,-7.353],[0.631,-2.198],[0.127,-0.404],[1.466,-5.104],[0,0],[1.085,-3.866],[0,0],[0.354,-1.137],[0,0],[0.025,-0.05],[10.03,-7.403],[0,0],[1.086,-0.48],[21.957,-0.607],[0,0],[9.172,7.681],[-0.656,22.209],[-0.48,4.927],[-40.125,-3.992],[-5.837,-2.224],[-1.618,-28.956],[-0.126,-0.783]],"o":[[-0.657,2.274],[-0.153,0.429],[-1.769,6.114],[-0.025,0],[-1.92,6.771],[-1.012,3.563],[0,0],[0,0],[-0.025,0.051],[-1.972,6.089],[0,0],[-1.01,0.758],[-8.059,3.638],[0,0],[-16.095,0.429],[-22.083,-18.47],[-0.48,-4.75],[3.992,-40.123],[6.518,0.632],[26.732,10.081],[0.302,0.708],[1.009,6.872]],"v":[[75.293,1.541],[73.349,8.287],[72.969,9.525],[68.092,26.48],[68.092,26.505],[63.521,42.751],[61.953,48.334],[61.397,50.128],[61.397,50.153],[61.348,50.279],[42.548,82.671],[42.523,82.671],[39.366,84.567],[-13.365,94.395],[-13.39,94.395],[-54.347,84.895],[-70.796,-10.864],[-70.796,-25.417],[9.098,-90.833],[27.668,-86.486],[74.766,-22.334],[75.422,-20.111]],"c":true}]},{"i":{"x":0.667,"y":1},"o":{"x":0.333,"y":0},"t":20,"s":[{"i":[[0.909,-7.353],[0.631,-2.198],[0.127,-0.404],[1.466,-5.104],[0,0],[1.085,-3.866],[0,0],[0.354,-1.137],[0,0],[0.025,-0.05],[10.03,-7.403],[0,0],[1.086,-0.48],[21.957,-0.607],[0,0],[9.172,7.681],[-0.656,22.209],[-0.48,4.927],[-40.125,-3.992],[-5.837,-2.224],[-1.618,-28.956],[-0.126,-0.783]],"o":[[-0.657,2.274],[-0.153,0.429],[-1.769,6.114],[-0.025,0],[-1.92,6.771],[-1.012,3.563],[0,0],[0,0],[-0.025,0.051],[-1.972,6.089],[0,0],[-1.01,0.758],[-8.059,3.638],[0,0],[-16.095,0.429],[-22.083,-18.47],[-0.48,-4.75],[3.992,-40.123],[6.518,0.632],[26.732,10.081],[0.302,0.708],[1.009,6.872]],"v":[[75.293,1.541],[73.349,8.287],[72.969,9.525],[68.092,26.48],[68.092,26.505],[63.521,42.751],[61.953,48.334],[61.397,50.128],[61.397,50.153],[61.348,50.279],[42.549,82.671],[42.523,82.671],[39.366,84.567],[-13.366,94.395],[-13.39,94.395],[-46.847,85.395],[-63.296,-10.364],[-63.296,-24.917],[9.098,-90.833],[27.667,-86.486],[74.766,-22.334],[75.422,-20.111]],"c":true}]},{"i":{"x":0.833,"y":0.833},"o":{"x":0.333,"y":0},"t":100,"s":[{"i":[[0.909,-7.353],[0.631,-2.198],[0.127,-0.404],[1.466,-5.104],[0,0],[1.085,-3.866],[0,0],[0.354,-1.137],[0,0],[0.025,-0.05],[10.03,-7.403],[0,0],[1.086,-0.48],[21.957,-0.607],[0,0],[9.172,7.681],[-0.656,22.209],[-0.48,4.927],[-40.125,-3.992],[-5.837,-2.224],[-1.618,-28.956],[-0.126,-0.783]],"o":[[-0.657,2.274],[-0.153,0.429],[-1.769,6.114],[-0.025,0],[-1.92,6.771],[-1.012,3.563],[0,0],[0,0],[-0.025,0.051],[-1.972,6.089],[0,0],[-1.01,0.758],[-8.059,3.638],[0,0],[-16.095,0.429],[-22.083,-18.47],[-0.48,-4.75],[3.992,-40.123],[6.518,0.632],[26.732,10.081],[0.302,0.708],[1.009,6.872]],"v":[[75.293,1.541],[73.349,8.287],[72.969,9.525],[68.092,26.48],[68.092,26.505],[63.521,42.751],[61.953,48.334],[61.397,50.128],[61.397,50.153],[61.348,50.279],[42.549,82.671],[42.523,82.671],[39.366,84.567],[-13.366,94.395],[-13.39,94.395],[-46.847,85.395],[-63.296,-10.364],[-63.296,-24.917],[9.098,-90.833],[27.667,-86.486],[74.766,-22.334],[75.422,-20.111]],"c":true}]},{"t":120,"s":[{"i":[[0.909,-7.353],[0.631,-2.198],[0.127,-0.404],[1.466,-5.104],[0,0],[1.085,-3.866],[0,0],[0.354,-1.137],[0,0],[0.025,-0.05],[10.03,-7.403],[0,0],[1.086,-0.48],[21.957,-0.607],[0,0],[9.172,7.681],[-0.656,22.209],[-0.48,4.927],[-40.125,-3.992],[-5.837,-2.224],[-1.618,-28.956],[-0.126,-0.783]],"o":[[-0.657,2.274],[-0.153,0.429],[-1.769,6.114],[-0.025,0],[-1.92,6.771],[-1.012,3.563],[0,0],[0,0],[-0.025,0.051],[-1.972,6.089],[0,0],[-1.01,0.758],[-8.059,3.638],[0,0],[-16.095,0.429],[-22.083,-18.47],[-0.48,-4.75],[3.992,-40.123],[6.518,0.632],[26.732,10.081],[0.302,0.708],[1.009,6.872]],"v":[[75.293,1.541],[73.349,8.287],[72.969,9.525],[68.092,26.48],[68.092,26.505],[63.521,42.751],[61.953,48.334],[61.397,50.128],[61.397,50.153],[61.348,50.279],[42.548,82.671],[42.523,82.671],[39.366,84.567],[-13.365,94.395],[-13.39,94.395],[-54.347,84.895],[-70.796,-10.864],[-70.796,-25.417],[9.098,-90.833],[27.668,-86.486],[74.766,-22.334],[75.422,-20.111]],"c":true}]}],"ix":2},"nm":"Path 1","mn":"ADBE Vector Shape - Group","hd":false},{"ty":"gr","it":[{"ty":"tr","p":{"a":0,"k":[0,0],"ix":2},"a":{"a":0,"k":[0,0],"ix":1},"s":{"a":0,"k":[100,100],"ix":3},"r":{"a":0,"k":0,"ix":6},"o":{"a":0,"k":100,"ix":7},"sk":{"a":0,"k":0,"ix":4},"sa":{"a":0,"k":0,"ix":5},"nm":"Transform"}],"nm":"Group 1","np":0,"cix":2,"bm":0,"ix":2,"mn":"ADBE Vector Group","hd":false},{"ty":"mm","mm":4,"nm":"Merge Paths 1","mn":"ADBE Vector Filter - Merge","hd":false},{"ty":"fl","c":{"a":0,"k":[1,0.647000002394,0.603999956916,1],"ix":4},"o":{"a":0,"k":100,"ix":5},"r":1,"bm":0,"nm":"Fill 1","mn":"ADBE Vector Graphic - Fill","hd":false},{"ty":"tr","p":{"a":0,"k":[262.342,173.858],"ix":2},"a":{"a":0,"k":[0,0],"ix":1},"s":{"a":0,"k":[100,100],"ix":3},"r":{"a":0,"k":0,"ix":6},"o":{"a":0,"k":100,"ix":7},"sk":{"a":0,"k":0,"ix":4},"sa":{"a":0,"k":0,"ix":5},"nm":"Transform"}],"nm":"Group 5","np":4,"cix":2,"bm":0,"ix":5,"mn":"ADBE Vector Group","hd":false},{"ty":"gr","it":[{"ind":0,"ty":"sh","ix":1,"ks":{"a":1,"k":[{"i":{"x":0.667,"y":1},"o":{"x":0.167,"y":0.167},"t":0,"s":[{"i":[[-18.215,6.146],[13.779,-5.17],[7.078,0.977],[3.908,2.53],[0.056,0.035],[0,0]],"o":[[-2.94,14.418],[-6.699,2.499],[-4.611,-0.608],[-0.057,-0.035],[0,0],[19.213,-5.262]],"v":[[29.918,-18.065],[4.574,15.797],[-16.578,17.521],[-29.748,13.257],[-29.918,13.15],[-28.576,-0.342]],"c":true}]},{"i":{"x":0.667,"y":1},"o":{"x":0.333,"y":0},"t":20,"s":[{"i":[[-18.215,6.146],[13.779,-5.17],[7.078,0.977],[3.908,2.53],[0.056,0.035],[0,0]],"o":[[-2.94,14.418],[-6.699,2.499],[-4.611,-0.608],[-0.057,-0.035],[0,0],[19.213,-5.262]],"v":[[23.168,-15.565],[1.574,16.047],[-16.578,17.521],[-29.748,13.257],[-29.918,13.15],[-28.576,-0.342]],"c":true}]},{"i":{"x":0.833,"y":0.833},"o":{"x":0.333,"y":0},"t":100,"s":[{"i":[[-18.215,6.146],[13.779,-5.17],[7.078,0.977],[3.908,2.53],[0.056,0.035],[0,0]],"o":[[-2.94,14.418],[-6.699,2.499],[-4.611,-0.608],[-0.057,-0.035],[0,0],[19.213,-5.262]],"v":[[23.168,-15.565],[1.574,16.047],[-16.578,17.521],[-29.748,13.257],[-29.918,13.15],[-28.576,-0.342]],"c":true}]},{"t":120,"s":[{"i":[[-18.215,6.146],[13.779,-5.17],[7.078,0.977],[3.908,2.53],[0.056,0.035],[0,0]],"o":[[-2.94,14.418],[-6.699,2.499],[-4.611,-0.608],[-0.057,-0.035],[0,0],[19.213,-5.262]],"v":[[29.918,-18.065],[4.574,15.797],[-16.578,17.521],[-29.748,13.257],[-29.918,13.15],[-28.576,-0.342]],"c":true}]}],"ix":2},"nm":"Path 1","mn":"ADBE Vector Shape - Group","hd":false},{"ty":"gr","it":[{"ty":"tr","p":{"a":0,"k":[0,0],"ix":2},"a":{"a":0,"k":[0,0],"ix":1},"s":{"a":0,"k":[100,100],"ix":3},"r":{"a":0,"k":0,"ix":6},"o":{"a":0,"k":100,"ix":7},"sk":{"a":0,"k":0,"ix":4},"sa":{"a":0,"k":0,"ix":5},"nm":"Transform"}],"nm":"Group 1","np":0,"cix":2,"bm":0,"ix":2,"mn":"ADBE Vector Group","hd":false},{"ty":"mm","mm":4,"nm":"Merge Paths 1","mn":"ADBE Vector Filter - Merge","hd":false},{"ty":"fl","c":{"a":0,"k":[0.905882352941,0.510185331457,0.461822390089,1],"ix":4},"o":{"a":0,"k":100,"ix":5},"r":1,"bm":0,"nm":"Fill 1","mn":"ADBE Vector Graphic - Fill","hd":false},{"ty":"tr","p":{"a":0,"k":[277.923,264.777],"ix":2},"a":{"a":0,"k":[0,0],"ix":1},"s":{"a":0,"k":[100,100],"ix":3},"r":{"a":0,"k":0,"ix":6},"o":{"a":0,"k":100,"ix":7},"sk":{"a":0,"k":0,"ix":4},"sa":{"a":0,"k":0,"ix":5},"nm":"Transform"}],"nm":"Group 6","np":4,"cix":2,"bm":0,"ix":6,"mn":"ADBE Vector Group","hd":false},{"ty":"gr","it":[{"ind":0,"ty":"sh","ix":1,"ks":{"a":0,"k":{"i":[[0,0],[0,0],[0,0],[0,0],[-2.406,-2.635],[0,0],[0,0],[0.443,2.021]],"o":[[0,0],[0,0],[0,0],[0,0],[0,0],[0,0],[6.881,-6.236],[0,0]],"v":[[38.796,-53.561],[-35.572,-38.38],[-35.408,-9.125],[-38.796,24.933],[-35.316,29.644],[-8.208,53.56],[25.122,26.036],[35.624,14.37]],"c":true},"ix":2},"nm":"Path 1","mn":"ADBE Vector Shape - Group","hd":false},{"ty":"gr","it":[{"ty":"tr","p":{"a":0,"k":[0,0],"ix":2},"a":{"a":0,"k":[0,0],"ix":1},"s":{"a":0,"k":[100,100],"ix":3},"r":{"a":0,"k":0,"ix":6},"o":{"a":0,"k":100,"ix":7},"sk":{"a":0,"k":0,"ix":4},"sa":{"a":0,"k":0,"ix":5},"nm":"Transform"}],"nm":"Group 1","np":0,"cix":2,"bm":0,"ix":2,"mn":"ADBE Vector Group","hd":false},{"ty":"mm","mm":4,"nm":"Merge Paths 1","mn":"ADBE Vector Filter - Merge","hd":false},{"ty":"fl","c":{"a":0,"k":[1,0.647000002394,0.603999956916,1],"ix":4},"o":{"a":0,"k":100,"ix":5},"r":1,"bm":0,"nm":"Fill 1","mn":"ADBE Vector Graphic - Fill","hd":false},{"ty":"tr","p":{"a":0,"k":[285.456,266.517],"ix":2},"a":{"a":0,"k":[0,0],"ix":1},"s":{"a":0,"k":[100,100],"ix":3},"r":{"a":0,"k":0,"ix":6},"o":{"a":0,"k":100,"ix":7},"sk":{"a":0,"k":0,"ix":4},"sa":{"a":0,"k":0,"ix":5},"nm":"Transform"}],"nm":"Group 7","np":4,"cix":2,"bm":0,"ix":7,"mn":"ADBE Vector Group","hd":false}],"ip":0,"op":180,"st":0,"bm":0},{"ddd":0,"ind":8,"ty":4,"nm":"hat Outlines","sr":1,"ks":{"o":{"a":0,"k":100,"ix":11},"r":{"a":1,"k":[{"i":{"x":[0.667],"y":[1]},"o":{"x":[0.167],"y":[0.167]},"t":0,"s":[0]},{"i":{"x":[0.667],"y":[1]},"o":{"x":[0.333],"y":[0]},"t":20,"s":[7]},{"i":{"x":[0.833],"y":[0.833]},"o":{"x":[0.333],"y":[0]},"t":100,"s":[7]},{"t":120,"s":[0]}],"ix":10},"p":{"a":0,"k":[274.778,137.078,0],"ix":2},"a":{"a":0,"k":[273.278,135.578,0],"ix":1},"s":{"a":0,"k":[100,100,100],"ix":6}},"ao":0,"shapes":[{"ty":"gr","it":[{"ind":0,"ty":"sh","ix":1,"ks":{"a":0,"k":{"i":[[-6.591,44.045],[-76.286,-11.416],[6.591,-44.045],[76.286,11.416]],"o":[[6.591,-44.045],[76.286,11.416],[-6.592,44.046],[-76.286,-11.416]],"v":[[-138.128,-20.67],[11.934,-79.751],[138.128,20.67],[-11.935,79.751]],"c":true},"ix":2},"nm":"Path 1","mn":"ADBE Vector Shape - Group","hd":false},{"ty":"fl","c":{"a":0,"k":[1,0.8,0.477999997606,1],"ix":4},"o":{"a":0,"k":100,"ix":5},"r":1,"bm":0,"nm":"Fill 1","mn":"ADBE Vector Graphic - Fill","hd":false},{"ty":"tr","p":{"a":0,"k":[273.278,135.578],"ix":2},"a":{"a":0,"k":[0,0],"ix":1},"s":{"a":0,"k":[100,100],"ix":3},"r":{"a":0,"k":0,"ix":6},"o":{"a":0,"k":100,"ix":7},"sk":{"a":0,"k":0,"ix":4},"sa":{"a":0,"k":0,"ix":5},"nm":"Transform"}],"nm":"Group 1","np":2,"cix":2,"bm":0,"ix":1,"mn":"ADBE Vector Group","hd":false}],"ip":0,"op":180,"st":0,"bm":0},{"ddd":0,"ind":9,"ty":4,"nm":"BG Outlines","sr":1,"ks":{"o":{"a":0,"k":100,"ix":11},"r":{"a":0,"k":0,"ix":10},"p":{"a":0,"k":[257.5,257.5,0],"ix":2},"a":{"a":0,"k":[256,256,0],"ix":1},"s":{"a":0,"k":[100,100,100],"ix":6}},"ao":0,"shapes":[{"ty":"gr","it":[{"ind":0,"ty":"sh","ix":1,"ks":{"a":0,"k":{"i":[[0,0],[0,0]],"o":[[0,0],[0,0]],"v":[[277.25,322.25],[277,493]],"c":false},"ix":2},"nm":"Path 1","mn":"ADBE Vector Shape - Group","hd":false},{"ty":"st","c":{"a":0,"k":[0.411764735802,0.250980392157,0.333333333333,1],"ix":3},"o":{"a":0,"k":100,"ix":4},"w":{"a":0,"k":2,"ix":5},"lc":1,"lj":1,"ml":4,"bm":0,"nm":"Stroke 1","mn":"ADBE Vector Graphic - Stroke","hd":false},{"ty":"tr","p":{"a":0,"k":[0,0],"ix":2},"a":{"a":0,"k":[0,0],"ix":1},"s":{"a":0,"k":[100,100],"ix":3},"r":{"a":0,"k":0,"ix":6},"o":{"a":0,"k":100,"ix":7},"sk":{"a":0,"k":0,"ix":4},"sa":{"a":0,"k":0,"ix":5},"nm":"Transform"}],"nm":"Shape 1","np":3,"cix":2,"bm":0,"ix":1,"mn":"ADBE Vector Group","hd":false},{"ty":"gr","it":[{"ind":0,"ty":"sh","ix":1,"ks":{"a":0,"k":{"i":[[0.217,0],[0.045,0.01],[0.028,0.269],[0,0],[-0.346,0.038],[-0.036,-0.342],[0,0],[0,0],[-0.222,0],[0,0],[-0.115,-0.19],[0,0],[0,0],[-0.341,-0.097],[0.094,-0.335],[0,0],[0.251,-0.033],[0.126,0.213],[0,0],[0,0]],"o":[[-0.045,0],[-0.265,-0.057],[0,0],[-0.038,-0.347],[0.379,-0.035],[0,0],[0,0],[0.114,-0.189],[0,0],[0.219,0.001],[0,0],[0,0],[0.095,-0.334],[0.334,0.097],[0,0],[-0.069,0.242],[-0.248,0.025],[0,0],[0,0],[-0.114,0.191]],"v":[[-29.865,39.4],[-30.001,39.384],[-30.492,38.839],[-37.857,-28.065],[-37.299,-28.76],[-36.603,-28.203],[-29.441,36.852],[-7.181,0.167],[-6.642,-0.138],[-6.64,-0.138],[-6.101,0.168],[15.086,35.482],[36.585,-38.872],[37.367,-39.304],[37.8,-38.523],[15.897,37.224],[15.372,37.674],[14.75,37.375],[-6.644,1.715],[-29.326,39.095]],"c":true},"ix":2},"nm":"Path 1","mn":"ADBE Vector Shape - Group","hd":false},{"ty":"fl","c":{"a":0,"k":[0.310000011968,0.122000002394,0.216000007181,1],"ix":4},"o":{"a":0,"k":100,"ix":5},"r":1,"bm":0,"nm":"Fill 1","mn":"ADBE Vector Graphic - Fill","hd":false},{"ty":"tr","p":{"a":0,"k":[283.888,319.584],"ix":2},"a":{"a":0,"k":[0,0],"ix":1},"s":{"a":0,"k":[100,100],"ix":3},"r":{"a":0,"k":0,"ix":6},"o":{"a":0,"k":100,"ix":7},"sk":{"a":0,"k":0,"ix":4},"sa":{"a":0,"k":0,"ix":5},"nm":"Transform"}],"nm":"Group 1","np":2,"cix":2,"bm":0,"ix":2,"mn":"ADBE Vector Group","hd":false},{"ty":"gr","it":[{"ind":0,"ty":"sh","ix":1,"ks":{"a":0,"k":{"i":[[-5.383,-17.635],[50.406,-18.571],[29.258,0],[19.556,5.128],[2.375,0.707],[6.974,2.804],[9.348,5.332],[3.588,2.298],[-0.254,2.931],[-3.866,17.611],[-1.061,3.79],[-1.667,4.194],[-0.582,1.238],[-1.49,2.299],[-2.451,2.702],[-14.882,7.453],[0,0],[0,0],[0,0],[-4.17,-1.491],[-18.293,-12.887]],"o":[[-28.097,44.873],[-25.949,9.576],[-21.173,0],[-2.4,-0.633],[-7.277,-2.148],[-10.081,-4.043],[-3.714,-2.097],[0.202,-2.679],[1.364,-16.018],[0.884,-4.068],[1.364,-4.902],[0.531,-1.314],[1.289,-2.855],[1.744,-2.628],[22.714,-24.863],[0,0],[2.702,-1.34],[0,0],[0,0],[20.668,7.353],[14.858,10.482]],"v":[[167.087,-5.194],[46.086,93.194],[-37.167,107.975],[-98.413,100.118],[-105.589,98.121],[-126.965,90.668],[-156.122,76.569],[-167.087,69.95],[-166.406,61.51],[-158.85,8.299],[-155.945,-3.526],[-151.397,-17.22],[-149.729,-21.035],[-145.535,-28.792],[-139.217,-36.799],[-51.366,-95.318],[-51.341,-95.342],[-47.122,-97.415],[27.313,-107.975],[33.908,-105.651],[136.16,-62.342]],"c":true},"ix":2},"nm":"Path 1","mn":"ADBE Vector Shape - Group","hd":false},{"ty":"fl","c":{"a":0,"k":[1,1,1,1],"ix":4},"o":{"a":0,"k":100,"ix":5},"r":1,"bm":0,"nm":"Fill 1","mn":"ADBE Vector Graphic - Fill","hd":false},{"ty":"tr","p":{"a":0,"k":[293.772,388.864],"ix":2},"a":{"a":0,"k":[0,0],"ix":1},"s":{"a":0,"k":[100,100],"ix":3},"r":{"a":0,"k":0,"ix":6},"o":{"a":0,"k":100,"ix":7},"sk":{"a":0,"k":0,"ix":4},"sa":{"a":0,"k":0,"ix":5},"nm":"Transform"}],"nm":"Group 5","np":2,"cix":2,"bm":0,"ix":3,"mn":"ADBE Vector Group","hd":false},{"ty":"gr","it":[{"ind":0,"ty":"sh","ix":1,"ks":{"a":0,"k":{"i":[[0,0],[-5.458,30.952],[0,14.377],[1.415,10.536],[17.23,-6.822],[6.694,1.44],[7.225,10.031],[23.371,-8.515],[16.069,-19],[20.389,-14.25],[5.382,-0.253],[6.394,7.303],[8.666,9.905],[16.094,-0.48],[8.465,-6.165],[17.435,-16.095],[4.574,-4.043],[-55.107,-35.372],[0,0]],"o":[[16.068,-25.646],[2.426,-13.695],[0,-10.94],[-18.066,-2.249],[-6.367,2.501],[-12.077,-2.602],[-14.529,-20.188],[-23.371,8.54],[-16.069,19],[-4.423,3.057],[-9.677,0.429],[-8.666,-9.93],[-10.587,-12.128],[-10.46,0.303],[-19.176,13.947],[-3.916,3.613],[12.154,66.88],[0,0],[0,0]],"v":[[202.309,61.714],[235.204,-23.789],[238.895,-65.958],[236.746,-98.198],[181.893,-89.43],[162.059,-85.464],[138.158,-112.372],[70.543,-128.34],[12.911,-82.254],[-38.682,-28.664],[-53.337,-22.5],[-77.19,-37.331],[-103.214,-67.095],[-142.68,-91.882],[-170.878,-79.249],[-225.857,-34.122],[-238.895,-22.626],[-131.865,136.855],[43.148,56.552]],"c":true},"ix":2},"nm":"Path 1","mn":"ADBE Vector Shape - Group","hd":false},{"ty":"fl","c":{"a":0,"k":[0.564999988032,0.827000038297,0.816000007181,1],"ix":4},"o":{"a":0,"k":100,"ix":5},"r":1,"bm":0,"nm":"Fill 1","mn":"ADBE Vector Graphic - Fill","hd":false},{"ty":"tr","p":{"a":0,"k":[258.551,321.957],"ix":2},"a":{"a":0,"k":[0,0],"ix":1},"s":{"a":0,"k":[100,100],"ix":3},"r":{"a":0,"k":0,"ix":6},"o":{"a":0,"k":100,"ix":7},"sk":{"a":0,"k":0,"ix":4},"sa":{"a":0,"k":0,"ix":5},"nm":"Transform"}],"nm":"Group 6","np":2,"cix":2,"bm":0,"ix":4,"mn":"ADBE Vector Group","hd":false},{"ty":"gr","it":[{"ind":0,"ty":"sh","ix":1,"ks":{"a":0,"k":{"i":[[-4.447,-20.416],[0,0],[0,0],[-8.161,2.198],[-7.176,-6.19],[-1.795,0.101],[-1.061,0.909],[-20.87,0.733]],"o":[[0,0],[0,0],[6.064,-6.064],[9.121,-2.501],[1.364,1.187],[1.389,-0.076],[15.867,-13.593],[20.895,-0.733]],"v":[[79.64,16.41],[64.758,16.866],[-79.64,16.866],[-58.77,3.02],[-32.164,9.083],[-27.54,11.56],[-23.902,9.615],[31.937,-16.133]],"c":true},"ix":2},"nm":"Path 1","mn":"ADBE Vector Shape - Group","hd":false},{"ty":"fl","c":{"a":0,"k":[1,1,1,1],"ix":4},"o":{"a":0,"k":100,"ix":5},"r":1,"bm":0,"nm":"Fill 1","mn":"ADBE Vector Graphic - Fill","hd":false},{"ty":"tr","p":{"a":1,"k":[{"i":{"x":0.574,"y":1},"o":{"x":0.333,"y":0},"t":0,"s":[104.86,200.643],"to":[0,0],"ti":[0,0]},{"i":{"x":0.703,"y":1},"o":{"x":0.339,"y":0},"t":87,"s":[84.86,200.643],"to":[0,0],"ti":[0,0]},{"t":179,"s":[104.86,200.643]}],"ix":2},"a":{"a":0,"k":[0,0],"ix":1},"s":{"a":0,"k":[100,100],"ix":3},"r":{"a":0,"k":0,"ix":6},"o":{"a":0,"k":100,"ix":7},"sk":{"a":0,"k":0,"ix":4},"sa":{"a":0,"k":0,"ix":5},"nm":"Transform"}],"nm":"Group 7","np":2,"cix":2,"bm":0,"ix":5,"mn":"ADBE Vector Group","hd":false},{"ty":"gr","it":[{"ind":0,"ty":"sh","ix":1,"ks":{"a":0,"k":{"i":[[0,0],[0,0],[-8.161,2.198],[-7.176,-6.19],[-1.794,0.101],[-1.062,0.91],[-20.87,0.733]],"o":[[0,0],[6.064,-6.064],[9.122,-2.501],[1.364,1.188],[1.391,-0.076],[15.866,-13.593],[0,0]],"v":[[69.507,16.7],[-69.507,17.123],[-48.637,3.277],[-22.031,9.34],[-17.407,11.817],[-13.768,9.87],[45.577,-17.123]],"c":true},"ix":2},"nm":"Path 1","mn":"ADBE Vector Shape - Group","hd":false},{"ty":"fl","c":{"a":0,"k":[1,1,1,1],"ix":4},"o":{"a":0,"k":100,"ix":5},"r":1,"bm":0,"nm":"Fill 1","mn":"ADBE Vector Graphic - Fill","hd":false},{"ty":"tr","p":{"a":1,"k":[{"i":{"x":0.574,"y":1},"o":{"x":0.333,"y":0},"t":0,"s":[395.999,115.881],"to":[0,0],"ti":[0,0]},{"i":{"x":0.703,"y":1},"o":{"x":0.339,"y":0},"t":87,"s":[407.999,115.881],"to":[0,0],"ti":[0,0]},{"t":179,"s":[395.999,115.881]}],"ix":2},"a":{"a":0,"k":[0,0],"ix":1},"s":{"a":0,"k":[100,100],"ix":3},"r":{"a":0,"k":0,"ix":6},"o":{"a":0,"k":100,"ix":7},"sk":{"a":0,"k":0,"ix":4},"sa":{"a":0,"k":0,"ix":5},"nm":"Transform"}],"nm":"Group 8","np":2,"cix":2,"bm":0,"ix":6,"mn":"ADBE Vector Group","hd":false},{"ty":"gr","it":[{"ind":0,"ty":"sh","ix":1,"ks":{"a":0,"k":{"i":[[0,0],[0,0],[0,0],[18.6,28.31],[0,0],[0,14.806],[-2.299,13.29],[-8.565,18.596],[-97.25,0],[-20.667,-5.786],[-31.763,-42.607],[-7.925,-22.798],[-2.172,-16.373],[0,0]],"o":[[0,0],[0,0],[0,0],[-17.353,-26.411],[-2.551,-14.048],[0,-13.947],[3.512,-20.794],[38.001,-83],[22.512,0],[51.238,14.354],[14.416,19.336],[5.331,15.16],[0,0],[0,0]],"v":[[205.328,146.683],[4.37,171.436],[-128.846,221.827],[-143.881,93.621],[-235.876,62.344],[-239.766,19.012],[-236.279,-21.894],[-217.986,-81.144],[1.074,-221.827],[66.058,-212.959],[194.392,-124.289],[228.422,-60.628],[239.766,-13.228],[182.433,58.277]],"c":true},"ix":2},"nm":"Path 1","mn":"ADBE Vector Shape - Group","hd":false},{"ty":"fl","c":{"a":0,"k":[0.423999980852,0.573000021542,0.898000021542,1],"ix":4},"o":{"a":0,"k":100,"ix":5},"r":1,"bm":0,"nm":"Fill 1","mn":"ADBE Vector Graphic - Fill","hd":false},{"ty":"tr","p":{"a":0,"k":[255.531,236.988],"ix":2},"a":{"a":0,"k":[0,0],"ix":1},"s":{"a":0,"k":[100,100],"ix":3},"r":{"a":0,"k":0,"ix":6},"o":{"a":0,"k":100,"ix":7},"sk":{"a":0,"k":0,"ix":4},"sa":{"a":0,"k":0,"ix":5},"nm":"Transform"}],"nm":"Group 9","np":2,"cix":2,"bm":0,"ix":7,"mn":"ADBE Vector Group","hd":false},{"ty":"gr","it":[{"ind":0,"ty":"sh","ix":1,"ks":{"a":0,"k":{"i":[[40.648,0],[48.128,62.118],[0,55.836],[-60.757,48.137],[-57.45,0],[-22.353,-6.257],[-29.417,-73.558],[8.259,-46.633],[70.337,-36.357]],"o":[[-78.291,0],[-34.209,-44.155],[0,-77.573],[45.009,-35.662],[23.479,0],[76.392,21.4],[17.589,43.982],[-13.821,78.027],[-36.12,18.672]],"v":[[0.006,256],[-202.341,156.734],[-255.994,0],[-159.071,-200.434],[0.006,-256],[69.077,-246.571],[237.831,-94.523],[252.084,44.813],[117.187,227.636]],"c":true},"ix":2},"nm":"Path 1","mn":"ADBE Vector Shape - Group","hd":false},{"ty":"mm","mm":4,"nm":"Merge Paths 1","mn":"ADBE Vector Filter - Merge","hd":false},{"ty":"fl","c":{"a":0,"k":[1,1,1,1],"ix":4},"o":{"a":0,"k":100,"ix":5},"r":1,"bm":0,"nm":"Fill 1","mn":"ADBE Vector Graphic - Fill","hd":false},{"ty":"tr","p":{"a":0,"k":[256.006,256],"ix":2},"a":{"a":0,"k":[0,0],"ix":1},"s":{"a":0,"k":[100,100],"ix":3},"r":{"a":0,"k":0,"ix":6},"o":{"a":0,"k":100,"ix":7},"sk":{"a":0,"k":0,"ix":4},"sa":{"a":0,"k":0,"ix":5},"nm":"Transform"}],"nm":"Group 10","np":3,"cix":2,"bm":0,"ix":8,"mn":"ADBE Vector Group","hd":false}],"ip":0,"op":180,"st":0,"bm":0}],"markers":[]}