{"v":"5.7.1","fr":29.9700012207031,"ip":0,"op":210.000008553475,"w":913,"h":1011,"nm":"Comp 1","ddd":0,"assets":[],"layers":[{"ddd":0,"ind":1,"ty":3,"nm":"Null 1","sr":1,"ks":{"o":{"a":0,"k":0,"ix":11},"r":{"a":0,"k":0,"ix":10},"p":{"a":0,"k":[456.5,521.5,0],"ix":2},"a":{"a":0,"k":[0,0,0],"ix":1},"s":{"a":0,"k":[100,100,100],"ix":6}},"ao":0,"ip":0,"op":346.000014092869,"st":0,"bm":0},{"ddd":0,"ind":2,"ty":4,"nm":"baloon","parent":1,"sr":1,"ks":{"o":{"a":0,"k":100,"ix":11},"r":{"a":1,"k":[{"i":{"x":[0.833],"y":[0.833]},"o":{"x":[0.167],"y":[0.167]},"t":0,"s":[0]},{"i":{"x":[0.833],"y":[0.833]},"o":{"x":[0.167],"y":[0.167]},"t":18,"s":[9]},{"i":{"x":[0.833],"y":[0.833]},"o":{"x":[0.167],"y":[0.167]},"t":52,"s":[-9]},{"i":{"x":[0.833],"y":[0.833]},"o":{"x":[0.167],"y":[0.167]},"t":79,"s":[-6]},{"i":{"x":[0.833],"y":[0.833]},"o":{"x":[0.167],"y":[0.167]},"t":105,"s":[0]},{"i":{"x":[0.833],"y":[0.833]},"o":{"x":[0.167],"y":[0.167]},"t":121,"s":[9]},{"i":{"x":[0.833],"y":[0.833]},"o":{"x":[0.167],"y":[0.167]},"t":157,"s":[-9]},{"i":{"x":[0.833],"y":[0.833]},"o":{"x":[0.167],"y":[0.167]},"t":184,"s":[-6]},{"t":210.000008553475,"s":[0]}],"ix":10},"p":{"a":1,"k":[{"i":{"x":0.833,"y":0.833},"o":{"x":0.167,"y":0.167},"t":0,"s":[-23,-21,0],"to":[39,0.5,0],"ti":[8.117,36.59,0]},{"i":{"x":0.833,"y":0.833},"o":{"x":0.167,"y":0.167},"t":18,"s":[55,-113.5,0],"to":[-10.833,-48.833,0],"ti":[48.833,-2.667,0]},{"i":{"x":0.833,"y":0.833},"o":{"x":0.167,"y":0.167},"t":52,"s":[-57,-163,0],"to":[-54.333,5.167,0],"ti":[-14.833,-16.833,0]},{"i":{"x":0.833,"y":0.833},"o":{"x":0.167,"y":0.167},"t":79,"s":[-106,-79,0],"to":[28.376,32.202,0],"ti":[-55.5,-17,0]},{"i":{"x":0.833,"y":0.833},"o":{"x":0.167,"y":0.167},"t":105,"s":[-23,-21,0],"to":[27.133,8.311,0],"ti":[2.215,35.173,0]},{"i":{"x":0.833,"y":0.833},"o":{"x":0.167,"y":0.167},"t":121,"s":[58.5,-103.5,0],"to":[-2.353,-37.366,0],"ti":[28.083,1.75,0]},{"i":{"x":0.833,"y":0.833},"o":{"x":0.167,"y":0.167},"t":157,"s":[-8,-164,0],"to":[-28.083,-1.75,0],"ti":[9.313,-54.894,0]},{"i":{"x":0.833,"y":0.833},"o":{"x":0.167,"y":0.167},"t":184,"s":[-110,-114,0],"to":[-10.478,61.763,0],"ti":[0,0,0]},{"t":210.000008553475,"s":[-26,-20,0]}],"ix":2},"a":{"a":0,"k":[257,390.5,0],"ix":1},"s":{"a":0,"k":[80,80,100],"ix":6}},"ao":0,"shapes":[{"ty":"gr","it":[{"ind":0,"ty":"sh","ix":1,"ks":{"a":0,"k":{"i":[[36.742,52.687],[21.016,12.611],[14.36,5.42],[16.151,3.648],[5.193,0.952],[0.693,0.131],[-0.034,-0.015],[-0.315,-0.143],[-1.791,-0.838],[-0.327,-0.154],[-15.949,-75.757],[28.504,-58.305],[24.848,-23.175],[1.337,-1.178],[0.03,-0.026],[0.016,-0.014],[0.828,-0.701],[18.501,-8.978],[17.248,-5.531],[7.576,-1.667],[0,0],[0,0],[0,0],[0,0],[-0.139,0.028],[0,0],[-44.045,0],[0,0],[0,0],[0,0],[0,0],[0.038,0.011],[0,0],[-18,51],[-3.268,21.031]],"o":[[-14.712,-21.097],[-13.966,-8.381],[-18.061,-7.404],[-5.911,-1.425],[-0.705,-0.137],[0.034,0.015],[0.311,0.14],[1.667,0.751],[0.323,0.151],[43.07,20.281],[16,76],[-20.157,41.229],[-1.365,1.273],[-0.029,0.026],[-0.016,0.014],[-0.842,0.741],[-11.004,9.311],[-16.884,8.194],[-8.508,2.728],[0,0],[0,0],[0,0],[0,0],[0.14,-0.027],[0,0],[0,0],[36,0],[0,0],[0,0],[0,0],[-0.038,-0.011],[0,0],[0,0],[5.857,-16.597],[8.469,-43.747]],"v":[[124.807,-202.323],[69.586,-252.344],[26.623,-272.888],[-25.648,-289.262],[-42.364,-292.83],[-44.451,-293.229],[-44.35,-293.184],[-43.421,-292.767],[-38.227,-290.379],[-37.252,-289.922],[109.973,-152.804],[77.973,71.196],[3.672,174.223],[-0.384,177.909],[-0.473,177.989],[-0.521,178.032],[-3.027,180.196],[-49.138,208.374],[-101.73,229.531],[-126.027,236.196],[-154.167,242.774],[-157.272,243.5],[-159.926,244.121],[-146.346,272.229],[-145.928,272.149],[-136.346,293.229],[-75.346,283.229],[-17.346,291.229],[-8.346,270.229],[32.35,186.323],[32.697,185.607],[32.582,185.576],[36.973,178.196],[140.973,2.196],[155.973,-52.804]],"c":true},"ix":2},"nm":"Path 1","mn":"ADBE Vector Shape - Group","hd":false},{"ty":"mm","mm":4,"nm":"Merge Paths 1","mn":"ADBE Vector Filter - Merge","hd":false},{"ty":"fl","c":{"a":0,"k":[0,0,0,1],"ix":4},"o":{"a":0,"k":100,"ix":5},"r":1,"bm":0,"nm":"Fill 1","mn":"ADBE Vector Graphic - Fill","hd":false},{"ty":"tr","p":{"a":0,"k":[336.387,298.054],"ix":2},"a":{"a":0,"k":[0,0],"ix":1},"s":{"a":0,"k":[100,100],"ix":3},"r":{"a":0,"k":0,"ix":6},"o":{"a":0,"k":14,"ix":7},"sk":{"a":0,"k":0,"ix":4},"sa":{"a":0,"k":0,"ix":5},"nm":"Transform"}],"nm":"Group 1","np":3,"cix":2,"bm":0,"ix":1,"mn":"ADBE Vector Group","hd":false},{"ty":"gr","it":[{"ind":0,"ty":"sh","ix":1,"ks":{"a":0,"k":{"i":[[7.212,38.693],[-14.451,22.63],[-67.761,-31.274],[32,-22],[49,-10]],"o":[[-4.92,-26.395],[28.553,-44.711],[91,42],[-32,22],[-35.985,7.344]],"v":[[-104.677,64.875],[-89.376,-11.419],[71.493,-108.403],[18.493,-7.403],[-35.507,113.597]],"c":true},"ix":2},"nm":"Path 1","mn":"ADBE Vector Shape - Group","hd":false},{"ty":"mm","mm":4,"nm":"Merge Paths 1","mn":"ADBE Vector Filter - Merge","hd":false},{"ty":"fl","c":{"a":0,"k":[1,1,1,1],"ix":4},"o":{"a":0,"k":100,"ix":5},"r":1,"bm":0,"nm":"Fill 1","mn":"ADBE Vector Graphic - Fill","hd":false},{"ty":"tr","p":{"a":0,"k":[133.868,159.653],"ix":2},"a":{"a":0,"k":[0,0],"ix":1},"s":{"a":0,"k":[100,100],"ix":3},"r":{"a":0,"k":0,"ix":6},"o":{"a":0,"k":21,"ix":7},"sk":{"a":0,"k":0,"ix":4},"sa":{"a":0,"k":0,"ix":5},"nm":"Transform"}],"nm":"Group 2","np":3,"cix":2,"bm":0,"ix":2,"mn":"ADBE Vector Group","hd":false},{"ty":"gr","it":[{"ind":0,"ty":"sh","ix":1,"ks":{"a":0,"k":{"i":[[0,0],[0,0],[-44.045,0],[0,0],[0,0],[61,-25]],"o":[[0,0],[0,0],[36,0],[0,0],[0,0],[0,0]],"v":[[-69,1],[-59,23],[2,13],[60,21],[69,0],[-69,2]],"c":false},"ix":2},"nm":"Path 1","mn":"ADBE Vector Shape - Group","hd":false},{"ty":"mm","mm":4,"nm":"Merge Paths 1","mn":"ADBE Vector Filter - Merge","hd":false},{"ty":"fl","c":{"a":0,"k":[0.211764720842,0.254901960784,0.305882352941,1],"ix":4},"o":{"a":0,"k":100,"ix":5},"r":1,"bm":0,"nm":"Fill 1","mn":"ADBE Vector Graphic - Fill","hd":false},{"ty":"tr","p":{"a":0,"k":[258.36,568.25],"ix":2},"a":{"a":0,"k":[0,0],"ix":1},"s":{"a":0,"k":[100,100],"ix":3},"r":{"a":0,"k":0,"ix":6},"o":{"a":0,"k":100,"ix":7},"sk":{"a":0,"k":0,"ix":4},"sa":{"a":0,"k":0,"ix":5},"nm":"Transform"}],"nm":"Group 3","np":3,"cix":2,"bm":0,"ix":3,"mn":"ADBE Vector Group","hd":false},{"ty":"gr","it":[{"ind":0,"ty":"sh","ix":1,"ks":{"a":0,"k":{"i":[[0,0],[-114.958,-31.623],[0,0],[71,-14]],"o":[[0,0],[0,0],[0,0],[0,0]],"v":[[-111.021,-29.878],[111.021,-27.499],[69.979,57.122],[-68.021,59.122]],"c":true},"ix":2},"nm":"Path 1","mn":"ADBE Vector Shape - Group","hd":false},{"ty":"mm","mm":4,"nm":"Merge Paths 1","mn":"ADBE Vector Filter - Merge","hd":false},{"ty":"fl","c":{"a":0,"k":[0.172549019608,0.337254901961,0.580392156863,1],"ix":4},"o":{"a":0,"k":100,"ix":5},"r":1,"bm":0,"nm":"Fill 1","mn":"ADBE Vector Graphic - Fill","hd":false},{"ty":"tr","p":{"a":0,"k":[257.381,511.128],"ix":2},"a":{"a":0,"k":[0,0],"ix":1},"s":{"a":0,"k":[100,100],"ix":3},"r":{"a":0,"k":0,"ix":6},"o":{"a":0,"k":100,"ix":7},"sk":{"a":0,"k":0,"ix":4},"sa":{"a":0,"k":0,"ix":5},"nm":"Transform"}],"nm":"Group 4","np":3,"cix":2,"bm":0,"ix":4,"mn":"ADBE Vector Group","hd":false},{"ty":"gr","it":[{"ind":0,"ty":"sh","ix":1,"ks":{"a":0,"k":{"i":[[0,0],[0,0],[0,0],[-18,51],[53,76],[30.09,13.74],[-14.75,-80.61],[49,-74]],"o":[[0,0],[0,0],[0,0],[18,-51],[-20.39,-29.24],[2.26,1.37],[15,82],[-49,74]],"v":[[-81.555,222.189],[-62.555,226.189],[-57.445,215.259],[46.555,39.259],[28.555,-163.741],[-52.598,-226.189],[32.445,-103.811],[-19.555,124.189]],"c":true},"ix":2},"nm":"Path 1","mn":"ADBE Vector Shape - Group","hd":false},{"ty":"mm","mm":4,"nm":"Merge Paths 1","mn":"ADBE Vector Filter - Merge","hd":false},{"ty":"fl","c":{"a":0,"k":[0.164705882353,0.435294147566,0.811764765721,1],"ix":4},"o":{"a":0,"k":100,"ix":5},"r":1,"bm":0,"nm":"Fill 1","mn":"ADBE Vector Graphic - Fill","hd":false},{"ty":"tr","p":{"a":0,"k":[431.958,258.439],"ix":2},"a":{"a":0,"k":[0,0],"ix":1},"s":{"a":0,"k":[100,100],"ix":3},"r":{"a":0,"k":0,"ix":6},"o":{"a":0,"k":100,"ix":7},"sk":{"a":0,"k":0,"ix":4},"sa":{"a":0,"k":0,"ix":5},"nm":"Transform"}],"nm":"Group 5","np":3,"cix":2,"bm":0,"ix":5,"mn":"ADBE Vector Group","hd":false},{"ty":"gr","it":[{"ind":0,"ty":"sh","ix":1,"ks":{"a":0,"k":{"i":[[60,-109],[5.15,-9.98],[0,0],[0,0],[-31.48,57.81],[-6.87,15.04],[52.67,75.53],[31,-1],[0,0],[-42,-50],[1,-5]],"o":[[-6.7,12.17],[0,0],[0,0],[0,0],[6.16,-12.71],[17.87,-50.99],[-44.85,-64.31],[-0.32,-0.02],[0,0],[42,50],[-1,5]],"v":[[-20.708,150.749],[-60.708,233.749],[-20.439,239.629],[-16.598,230.819],[68.001,95.799],[87.741,53.859],[69.402,-148.181],[-121.751,-238.629],[-121.751,-238.629],[-14.708,-177.251],[32.292,-30.251]],"c":true},"ix":2},"nm":"Path 1","mn":"ADBE Vector Shape - Group","hd":false},{"ty":"mm","mm":4,"nm":"Merge Paths 1","mn":"ADBE Vector Filter - Merge","hd":false},{"ty":"fl","c":{"a":0,"k":[0.996078491211,0.882353001015,0.443137284821,1],"ix":4},"o":{"a":0,"k":100,"ix":5},"r":1,"bm":0,"nm":"Fill 1","mn":"ADBE Vector Graphic - Fill","hd":false},{"ty":"tr","p":{"a":0,"k":[387.111,240.879],"ix":2},"a":{"a":0,"k":[0,0],"ix":1},"s":{"a":0,"k":[100,100],"ix":3},"r":{"a":0,"k":0,"ix":6},"o":{"a":0,"k":100,"ix":7},"sk":{"a":0,"k":0,"ix":4},"sa":{"a":0,"k":0,"ix":5},"nm":"Transform"}],"nm":"Group 6","np":3,"cix":2,"bm":0,"ix":6,"mn":"ADBE Vector Group","hd":false},{"ty":"gr","it":[{"ind":0,"ty":"sh","ix":1,"ks":{"a":0,"k":{"i":[[3.87,-14.84],[26.43,-58.08],[0,0],[0,0],[-18,51],[53,76],[45.25,8.19],[1,0],[2.6,0.21],[0.87,0.02],[-20.23,-25],[8.75,-106.07]],"o":[[-9.65,36.91],[0,0],[0,0],[0,0],[18,-51],[-40.09,-57.49],[-8.35,-1.5],[-4.41,0],[-0.73,-0.06],[13.52,4.1],[17,21],[-1.26,15.29]],"v":[[-15.978,-7.936],[-116.499,280.004],[-56.559,281.754],[-15.559,187.754],[88.441,11.754],[70.441,-191.246],[-91.712,-279.694],[-111.712,-281.694],[-122.712,-281.694],[-122.712,-281.694],[-58.668,-242.316],[-8.418,-53.246]],"c":true},"ix":2},"nm":"Path 1","mn":"ADBE Vector Shape - Group","hd":false},{"ty":"mm","mm":4,"nm":"Merge Paths 1","mn":"ADBE Vector Filter - Merge","hd":false},{"ty":"fl","c":{"a":0,"k":[0.164705882353,0.435294147566,0.811764765721,1],"ix":4},"o":{"a":0,"k":100,"ix":5},"r":1,"bm":0,"nm":"Fill 1","mn":"ADBE Vector Graphic - Fill","hd":false},{"ty":"tr","p":{"a":0,"k":[380.071,283.944],"ix":2},"a":{"a":0,"k":[0,0],"ix":1},"s":{"a":0,"k":[100,100],"ix":3},"r":{"a":0,"k":0,"ix":6},"o":{"a":0,"k":100,"ix":7},"sk":{"a":0,"k":0,"ix":4},"sa":{"a":0,"k":0,"ix":5},"nm":"Transform"}],"nm":"Group 7","np":3,"cix":2,"bm":0,"ix":7,"mn":"ADBE Vector Group","hd":false},{"ty":"gr","it":[{"ind":0,"ty":"sh","ix":1,"ks":{"a":0,"k":{"i":[[20.214,-91.953],[0.427,-8.952],[0,0],[-18,51],[53,76],[25,2],[4.87,-0.32],[-23.25,-55.21]],"o":[[-15.951,72.561],[0,0],[0,0],[18,-51],[-53,-76],[-2.88,-0.23],[4.85,2.33],[16,38]],"v":[[-61.033,63.349],[-100.033,227.349],[-19.033,239.349],[89.967,55.349],[75.077,-145.581],[-117.923,-237.581],[-128.077,-239.029],[-65.033,-142.651]],"c":true},"ix":2},"nm":"Path 1","mn":"ADBE Vector Shape - Group","hd":false},{"ty":"mm","mm":4,"nm":"Merge Paths 1","mn":"ADBE Vector Filter - Merge","hd":false},{"ty":"fl","c":{"a":0,"k":[0.996078491211,0.894117706897,0.498039245605,1],"ix":4},"o":{"a":0,"k":100,"ix":5},"r":1,"bm":0,"nm":"Fill 1","mn":"ADBE Vector Graphic - Fill","hd":false},{"ty":"tr","p":{"a":0,"k":[385.436,241.279],"ix":2},"a":{"a":0,"k":[0,0],"ix":1},"s":{"a":0,"k":[100,100],"ix":3},"r":{"a":0,"k":0,"ix":6},"o":{"a":0,"k":100,"ix":7},"sk":{"a":0,"k":0,"ix":4},"sa":{"a":0,"k":0,"ix":5},"nm":"Transform"}],"nm":"Group 8","np":3,"cix":2,"bm":0,"ix":8,"mn":"ADBE Vector Group","hd":false},{"ty":"gr","it":[{"ind":0,"ty":"sh","ix":1,"ks":{"a":0,"k":{"i":[[-5,-52],[14,-85],[0,0],[-17.29,48.97],[53,76],[25,2],[1.78,-0.01]],"o":[[8.136,84.61],[0,0],[6.33,-9.23],[18,-51],[-53,-76],[-1.33,-0.11],[5.84,4.96]],"v":[[-93.533,-116.136],[-116.533,231.864],[-13.033,235.524],[90.577,60.104],[72.577,-142.896],[-120.423,-234.896],[-125.577,-235.514]],"c":true},"ix":2},"nm":"Path 1","mn":"ADBE Vector Shape - Group","hd":false},{"ty":"mm","mm":4,"nm":"Merge Paths 1","mn":"ADBE Vector Filter - Merge","hd":false},{"ty":"fl","c":{"a":0,"k":[0.215686289469,0.458823559331,0.839215746113,1],"ix":4},"o":{"a":0,"k":100,"ix":5},"r":1,"bm":0,"nm":"Fill 1","mn":"ADBE Vector Graphic - Fill","hd":false},{"ty":"tr","p":{"a":0,"k":[381.936,237.764],"ix":2},"a":{"a":0,"k":[0,0],"ix":1},"s":{"a":0,"k":[100,100],"ix":3},"r":{"a":0,"k":0,"ix":6},"o":{"a":0,"k":100,"ix":7},"sk":{"a":0,"k":0,"ix":4},"sa":{"a":0,"k":0,"ix":5},"nm":"Transform"}],"nm":"Group 9","np":3,"cix":2,"bm":0,"ix":9,"mn":"ADBE Vector Group","hd":false},{"ty":"gr","it":[{"ind":0,"ty":"sh","ix":1,"ks":{"a":0,"k":{"i":[[0,0],[0,0],[0,0],[18,51],[-53,76],[-30.09,13.74],[14.75,-80.61],[-49,-74]],"o":[[0,0],[0,0],[0,0],[-18,-51],[20.39,-29.24],[-2.26,1.37],[-15,82],[49,74]],"v":[[82.5,222.5],[64.5,225.5],[58.39,216.57],[-45.61,40.57],[-29.5,-160.5],[53.5,-225.5],[-31.5,-102.5],[20.5,125.5]],"c":true},"ix":2},"nm":"Path 1","mn":"ADBE Vector Shape - Group","hd":false},{"ty":"mm","mm":4,"nm":"Merge Paths 1","mn":"ADBE Vector Filter - Merge","hd":false},{"ty":"fl","c":{"a":0,"k":[0.164705882353,0.435294147566,0.811764765721,1],"ix":4},"o":{"a":0,"k":100,"ix":5},"r":1,"bm":0,"nm":"Fill 1","mn":"ADBE Vector Graphic - Fill","hd":false},{"ty":"tr","p":{"a":0,"k":[82.86,256.75],"ix":2},"a":{"a":0,"k":[0,0],"ix":1},"s":{"a":0,"k":[100,100],"ix":3},"r":{"a":0,"k":0,"ix":6},"o":{"a":0,"k":100,"ix":7},"sk":{"a":0,"k":0,"ix":4},"sa":{"a":0,"k":0,"ix":5},"nm":"Transform"}],"nm":"Group 10","np":3,"cix":2,"bm":0,"ix":10,"mn":"ADBE Vector Group","hd":false},{"ty":"gr","it":[{"ind":0,"ty":"sh","ix":1,"ks":{"a":0,"k":{"i":[[-60,-109],[-5.15,-9.98],[0,0],[0,0],[31.48,57.81],[6.87,15.04],[-52.67,75.53],[-29,0],[0,0],[42,-50],[-1,-5]],"o":[[6.7,12.17],[0,0],[0,0],[0,0],[-6.16,-12.71],[-17.87,-50.99],[44.85,-64.31],[0.32,-0.02],[0,0],[-42,50],[1,5]],"v":[[20.175,150.57],[60.175,233.57],[19.905,239.45],[16.065,230.64],[-68.535,95.62],[-88.275,53.68],[-68.825,-150.43],[121.175,-239.43],[120.175,-239.43],[14.175,-177.43],[-32.825,-30.43]],"c":true},"ix":2},"nm":"Path 1","mn":"ADBE Vector Shape - Group","hd":false},{"ty":"mm","mm":4,"nm":"Merge Paths 1","mn":"ADBE Vector Filter - Merge","hd":false},{"ty":"fl","c":{"a":0,"k":[0.996078491211,0.882353001015,0.443137284821,1],"ix":4},"o":{"a":0,"k":100,"ix":5},"r":1,"bm":0,"nm":"Fill 1","mn":"ADBE Vector Graphic - Fill","hd":false},{"ty":"tr","p":{"a":0,"k":[127.185,241.68],"ix":2},"a":{"a":0,"k":[0,0],"ix":1},"s":{"a":0,"k":[100,100],"ix":3},"r":{"a":0,"k":0,"ix":6},"o":{"a":0,"k":100,"ix":7},"sk":{"a":0,"k":0,"ix":4},"sa":{"a":0,"k":0,"ix":5},"nm":"Transform"}],"nm":"Group 11","np":3,"cix":2,"bm":0,"ix":11,"mn":"ADBE Vector Group","hd":false},{"ty":"gr","it":[{"ind":0,"ty":"sh","ix":1,"ks":{"a":0,"k":{"i":[[-3.87,-14.84],[-26.43,-58.08],[0,0],[0,0],[18,51],[-53,76],[-45.25,8.19],[-5.87,0.7],[-2.6,0.21],[0.68,-0.303],[0,0],[19.598,-24.219],[-8.75,-106.07]],"o":[[9.65,36.91],[0,0],[0,0],[0,0],[-18,-51],[40.09,-57.49],[8.35,-1.5],[4.38,-0.52],[0.525,-0.043],[0,0],[-15.05,5.097],[-17,21],[1.26,15.29]],"v":[[17.603,-7.465],[118.122,280.475],[58.183,282.225],[17.183,188.225],[-86.817,12.225],[-68.817,-190.775],[92.103,-278.465],[113.632,-281.705],[121.293,-281.845],[119.421,-281.038],[117.861,-280.364],[60.292,-241.845],[10.042,-52.775]],"c":true},"ix":2},"nm":"Path 1","mn":"ADBE Vector Shape - Group","hd":false},{"ty":"mm","mm":4,"nm":"Merge Paths 1","mn":"ADBE Vector Filter - Merge","hd":false},{"ty":"fl","c":{"a":0,"k":[0.164705882353,0.435294147566,0.811764765721,1],"ix":4},"o":{"a":0,"k":100,"ix":5},"r":1,"bm":0,"nm":"Fill 1","mn":"ADBE Vector Graphic - Fill","hd":false},{"ty":"tr","p":{"a":0,"k":[131.067,284.095],"ix":2},"a":{"a":0,"k":[0,0],"ix":1},"s":{"a":0,"k":[100,100],"ix":3},"r":{"a":0,"k":0,"ix":6},"o":{"a":0,"k":100,"ix":7},"sk":{"a":0,"k":0,"ix":4},"sa":{"a":0,"k":0,"ix":5},"nm":"Transform"}],"nm":"Group 12","np":3,"cix":2,"bm":0,"ix":12,"mn":"ADBE Vector Group","hd":false},{"ty":"gr","it":[{"ind":0,"ty":"sh","ix":1,"ks":{"a":0,"k":{"i":[[-20.214,-91.953],[-0.427,-8.952],[0,0],[18,51],[-53,76],[-23,2],[-4.87,-0.32],[23.25,-55.21]],"o":[[15.951,72.561],[0,0],[0,0],[-18,-51],[53,-76],[2.878,-0.25],[-4.85,2.33],[-16,38]],"v":[[61.555,63.66],[100.555,227.66],[19.555,239.66],[-89.445,55.66],[-74.555,-145.27],[118.555,-239.34],[127.555,-239.34],[65.555,-142.34]],"c":true},"ix":2},"nm":"Path 1","mn":"ADBE Vector Shape - Group","hd":false},{"ty":"mm","mm":4,"nm":"Merge Paths 1","mn":"ADBE Vector Filter - Merge","hd":false},{"ty":"fl","c":{"a":0,"k":[0.996078491211,0.894117706897,0.498039245605,1],"ix":4},"o":{"a":0,"k":100,"ix":5},"r":1,"bm":0,"nm":"Fill 1","mn":"ADBE Vector Graphic - Fill","hd":false},{"ty":"tr","p":{"a":0,"k":[127.805,241.59],"ix":2},"a":{"a":0,"k":[0,0],"ix":1},"s":{"a":0,"k":[100,100],"ix":3},"r":{"a":0,"k":0,"ix":6},"o":{"a":0,"k":100,"ix":7},"sk":{"a":0,"k":0,"ix":4},"sa":{"a":0,"k":0,"ix":5},"nm":"Transform"}],"nm":"Group 13","np":3,"cix":2,"bm":0,"ix":13,"mn":"ADBE Vector Group","hd":false},{"ty":"gr","it":[{"ind":0,"ty":"sh","ix":1,"ks":{"a":0,"k":{"i":[[5,-52],[-14,-85],[0,0],[17.29,48.97],[-53,76],[-25,2],[-1.78,-0.01]],"o":[[-8.136,84.61],[0,0],[-6.33,-9.23],[-18,-51],[53,-76],[1.33,-0.11],[-5.84,4.96]],"v":[[94.055,-115.775],[117.055,232.225],[13.555,235.885],[-90.055,60.465],[-72.055,-142.535],[121.055,-235.775],[125.055,-235.775]],"c":true},"ix":2},"nm":"Path 1","mn":"ADBE Vector Shape - Group","hd":false},{"ty":"mm","mm":4,"nm":"Merge Paths 1","mn":"ADBE Vector Filter - Merge","hd":false},{"ty":"fl","c":{"a":0,"k":[0.215686289469,0.458823559331,0.839215746113,1],"ix":4},"o":{"a":0,"k":100,"ix":5},"r":1,"bm":0,"nm":"Fill 1","mn":"ADBE Vector Graphic - Fill","hd":false},{"ty":"tr","p":{"a":0,"k":[131.305,238.025],"ix":2},"a":{"a":0,"k":[0,0],"ix":1},"s":{"a":0,"k":[100,100],"ix":3},"r":{"a":0,"k":0,"ix":6},"o":{"a":0,"k":100,"ix":7},"sk":{"a":0,"k":0,"ix":4},"sa":{"a":0,"k":0,"ix":5},"nm":"Transform"}],"nm":"Group 14","np":3,"cix":2,"bm":0,"ix":14,"mn":"ADBE Vector Group","hd":false},{"ty":"gr","it":[{"ind":0,"ty":"sh","ix":1,"ks":{"a":0,"k":{"i":[[0,0],[0,0],[18,51],[-53,76],[-25,2],[-53,-66],[4,-30],[48,-74],[29,-71]],"o":[[0,0],[0,0],[-18,-51],[53,-76],[25,-2],[53,66],[-4,30],[-48,74],[0,0]],"v":[[-62.5,283.25],[-103.5,189.25],[-207.5,13.25],[-189.5,-189.75],[1,-281.25],[189.5,-200.75],[230.5,-43.75],[163.5,112.25],[74.5,279.25]],"c":true},"ix":2},"nm":"Path 1","mn":"ADBE Vector Shape - Group","hd":false},{"ty":"mm","mm":4,"nm":"Merge Paths 1","mn":"ADBE Vector Filter - Merge","hd":false},{"ty":"fl","c":{"a":0,"k":[0.996078491211,0.909803981407,0.6,1],"ix":4},"o":{"a":0,"k":100,"ix":5},"r":1,"bm":0,"nm":"Fill 1","mn":"ADBE Vector Graphic - Fill","hd":false},{"ty":"tr","p":{"a":0,"k":[255.36,283.5],"ix":2},"a":{"a":0,"k":[0,0],"ix":1},"s":{"a":0,"k":[100,100],"ix":3},"r":{"a":0,"k":0,"ix":6},"o":{"a":0,"k":100,"ix":7},"sk":{"a":0,"k":0,"ix":4},"sa":{"a":0,"k":0,"ix":5},"nm":"Transform"}],"nm":"Group 15","np":3,"cix":2,"bm":0,"ix":15,"mn":"ADBE Vector Group","hd":false},{"ty":"gr","it":[{"ind":0,"ty":"sh","ix":1,"ks":{"a":0,"k":{"i":[[4.418,0],[0,0],[0,4.418],[-4.418,0],[0,0],[0,-4.418]],"o":[[0,0],[-4.418,0],[0,-4.418],[0,0],[4.418,0],[0,4.418]],"v":[[45.5,8],[-45.5,8],[-53.5,0],[-45.5,-8],[45.5,-8],[53.5,0]],"c":true},"ix":2},"nm":"Path 1","mn":"ADBE Vector Shape - Group","hd":false},{"ty":"mm","mm":4,"nm":"Merge Paths 1","mn":"ADBE Vector Filter - Merge","hd":false},{"ty":"fl","c":{"a":0,"k":[0.992156922583,0.823529471603,0.396078461292,1],"ix":4},"o":{"a":0,"k":100,"ix":5},"r":1,"bm":0,"nm":"Fill 1","mn":"ADBE Vector Graphic - Fill","hd":false},{"ty":"tr","p":{"a":0,"k":[260.86,772.25],"ix":2},"a":{"a":0,"k":[0,0],"ix":1},"s":{"a":0,"k":[100,100],"ix":3},"r":{"a":0,"k":0,"ix":6},"o":{"a":0,"k":100,"ix":7},"sk":{"a":0,"k":0,"ix":4},"sa":{"a":0,"k":0,"ix":5},"nm":"Transform"}],"nm":"Group 16","np":3,"cix":2,"bm":0,"ix":16,"mn":"ADBE Vector Group","hd":false},{"ty":"gr","it":[{"ind":0,"ty":"sh","ix":1,"ks":{"a":0,"k":{"i":[[0,-11.6],[0.57,-1.9],[9.52,0],[0,0],[3.8,-3.8],[1.01,-3.39],[0,2.08],[-3.8,3.8],[-5.8,0],[0,0]],"o":[[0,2.08],[-2.58,-8.67],[0,0],[-5.8,0],[-2.43,2.43],[-0.57,-1.9],[0,-5.8],[3.8,-3.8],[0,0],[11.6,0]],"v":[[71.5,7.5],[70.63,13.5],[50.5,-1.5],[-50.5,-1.5],[-65.35,4.65],[-70.63,13.5],[-71.5,7.5],[-65.35,-7.35],[-50.5,-13.5],[50.5,-13.5]],"c":true},"ix":2},"nm":"Path 1","mn":"ADBE Vector Shape - Group","hd":false},{"ty":"mm","mm":4,"nm":"Merge Paths 1","mn":"ADBE Vector Filter - Merge","hd":false},{"ty":"fl","c":{"a":0,"k":[0.980392216701,0.87450986376,0.662745098039,1],"ix":4},"o":{"a":0,"k":100,"ix":5},"r":1,"bm":0,"nm":"Fill 1","mn":"ADBE Vector Graphic - Fill","hd":false},{"ty":"tr","p":{"a":0,"k":[258.86,671.75],"ix":2},"a":{"a":0,"k":[0,0],"ix":1},"s":{"a":0,"k":[100,100],"ix":3},"r":{"a":0,"k":0,"ix":6},"o":{"a":0,"k":100,"ix":7},"sk":{"a":0,"k":0,"ix":4},"sa":{"a":0,"k":0,"ix":5},"nm":"Transform"}],"nm":"Group 17","np":3,"cix":2,"bm":0,"ix":17,"mn":"ADBE Vector Group","hd":false},{"ty":"gr","it":[{"ind":0,"ty":"sh","ix":1,"ks":{"a":0,"k":{"i":[[11.598,0],[0,0],[0,11.598],[-11.598,0],[0,0],[0,-11.598]],"o":[[0,0],[-11.598,0],[0,-11.598],[0,0],[11.598,0],[0,11.598]],"v":[[50.5,21],[-50.5,21],[-71.5,0],[-50.5,-21],[50.5,-21],[71.5,0]],"c":true},"ix":2},"nm":"Path 1","mn":"ADBE Vector Shape - Group","hd":false},{"ty":"mm","mm":4,"nm":"Merge Paths 1","mn":"ADBE Vector Filter - Merge","hd":false},{"ty":"fl","c":{"a":0,"k":[0.992156922583,0.823529471603,0.396078461292,1],"ix":4},"o":{"a":0,"k":100,"ix":5},"r":1,"bm":0,"nm":"Fill 1","mn":"ADBE Vector Graphic - Fill","hd":false},{"ty":"tr","p":{"a":0,"k":[259.86,682.25],"ix":2},"a":{"a":0,"k":[0,0],"ix":1},"s":{"a":0,"k":[100,100],"ix":3},"r":{"a":0,"k":0,"ix":6},"o":{"a":0,"k":100,"ix":7},"sk":{"a":0,"k":0,"ix":4},"sa":{"a":0,"k":0,"ix":5},"nm":"Transform"}],"nm":"Group 18","np":3,"cix":2,"bm":0,"ix":18,"mn":"ADBE Vector Group","hd":false},{"ty":"gr","it":[{"ind":0,"ty":"sh","ix":1,"ks":{"a":0,"k":{"i":[[0,0],[0,0],[0,0],[0.04,0.98],[5.1,7.69],[0,0],[11.76,4.41],[20.53,-1.481],[0,0],[0,0],[0,0],[0,0]],"o":[[0,0],[0,0],[-0.1,-0.9],[-0.51,-12.22],[0,0],[-4.88,-7.41],[-10.479,-3.925],[-0.67,0.048],[0,0],[0,0],[0,0],[0,0]],"v":[[56.04,-32.685],[45.88,38.455],[37.85,38.545],[37.64,35.715],[29.96,6.165],[29.96,6.145],[5.64,-11.285],[-53.57,-14.064],[-56.04,-22.545],[-55.79,-24.545],[-38.92,-38.545],[32.6,-38.545]],"c":true},"ix":2},"nm":"Path 1","mn":"ADBE Vector Shape - Group","hd":false},{"ty":"mm","mm":4,"nm":"Merge Paths 1","mn":"ADBE Vector Filter - Merge","hd":false},{"ty":"fl","c":{"a":0,"k":[0.894117706897,0.682352941176,0.235294132607,1],"ix":4},"o":{"a":0,"k":100,"ix":5},"r":1,"bm":0,"nm":"Fill 1","mn":"ADBE Vector Graphic - Fill","hd":false},{"ty":"tr","p":{"a":0,"k":[260.4,725.795],"ix":2},"a":{"a":0,"k":[0,0],"ix":1},"s":{"a":0,"k":[100,100],"ix":3},"r":{"a":0,"k":0,"ix":6},"o":{"a":0,"k":100,"ix":7},"sk":{"a":0,"k":0,"ix":4},"sa":{"a":0,"k":0,"ix":5},"nm":"Transform"}],"nm":"Group 19","np":3,"cix":2,"bm":0,"ix":19,"mn":"ADBE Vector Group","hd":false},{"ty":"gr","it":[{"ind":0,"ty":"sh","ix":1,"ks":{"a":0,"k":{"i":[[0,0],[0,0]],"o":[[0,0],[0,0]],"v":[[262.86,749.75],[293.86,749.75]],"c":false},"ix":2},"nm":"Path 1","mn":"ADBE Vector Shape - Group","hd":false},{"ty":"st","c":{"a":0,"k":[0.925490255917,0.690196078431,0.262745098039,1],"ix":3},"o":{"a":0,"k":100,"ix":4},"w":{"a":0,"k":5,"ix":5},"lc":2,"lj":2,"bm":0,"nm":"Stroke 1","mn":"ADBE Vector Graphic - Stroke","hd":false},{"ty":"tr","p":{"a":0,"k":[0,0],"ix":2},"a":{"a":0,"k":[0,0],"ix":1},"s":{"a":0,"k":[100,100],"ix":3},"r":{"a":0,"k":0,"ix":6},"o":{"a":0,"k":100,"ix":7},"sk":{"a":0,"k":0,"ix":4},"sa":{"a":0,"k":0,"ix":5},"nm":"Transform"}],"nm":"Group 20","np":2,"cix":2,"bm":0,"ix":20,"mn":"ADBE Vector Group","hd":false},{"ty":"gr","it":[{"ind":0,"ty":"sh","ix":1,"ks":{"a":0,"k":{"i":[[0,0],[0,0]],"o":[[0,0],[0,0]],"v":[[262.86,749.75],[293.86,749.75]],"c":true},"ix":2},"nm":"Path 1","mn":"ADBE Vector Shape - Group","hd":false},{"ty":"fl","c":{"a":0,"k":[1,1,1,1],"ix":4},"o":{"a":0,"k":100,"ix":5},"r":1,"bm":0,"nm":"Fill 1","mn":"ADBE Vector Graphic - Fill","hd":false},{"ty":"tr","p":{"a":0,"k":[0,0],"ix":2},"a":{"a":0,"k":[0,0],"ix":1},"s":{"a":0,"k":[100,100],"ix":3},"r":{"a":0,"k":0,"ix":6},"o":{"a":0,"k":100,"ix":7},"sk":{"a":0,"k":0,"ix":4},"sa":{"a":0,"k":0,"ix":5},"nm":"Transform"}],"nm":"Group 21","np":2,"cix":2,"bm":0,"ix":21,"mn":"ADBE Vector Group","hd":false},{"ty":"gr","it":[{"ind":0,"ty":"sh","ix":1,"ks":{"a":0,"k":{"i":[[0,0],[0,0]],"o":[[0,0],[0,0]],"v":[[223.86,736.75],[254.86,736.75]],"c":false},"ix":2},"nm":"Path 1","mn":"ADBE Vector Shape - Group","hd":false},{"ty":"st","c":{"a":0,"k":[0.925490255917,0.690196078431,0.262745098039,1],"ix":3},"o":{"a":0,"k":100,"ix":4},"w":{"a":0,"k":5,"ix":5},"lc":2,"lj":2,"bm":0,"nm":"Stroke 1","mn":"ADBE Vector Graphic - Stroke","hd":false},{"ty":"tr","p":{"a":0,"k":[0,0],"ix":2},"a":{"a":0,"k":[0,0],"ix":1},"s":{"a":0,"k":[100,100],"ix":3},"r":{"a":0,"k":0,"ix":6},"o":{"a":0,"k":100,"ix":7},"sk":{"a":0,"k":0,"ix":4},"sa":{"a":0,"k":0,"ix":5},"nm":"Transform"}],"nm":"Group 22","np":2,"cix":2,"bm":0,"ix":22,"mn":"ADBE Vector Group","hd":false},{"ty":"gr","it":[{"ind":0,"ty":"sh","ix":1,"ks":{"a":0,"k":{"i":[[0,0],[0,0]],"o":[[0,0],[0,0]],"v":[[223.86,736.75],[254.86,736.75]],"c":true},"ix":2},"nm":"Path 1","mn":"ADBE Vector Shape - Group","hd":false},{"ty":"fl","c":{"a":0,"k":[1,1,1,1],"ix":4},"o":{"a":0,"k":100,"ix":5},"r":1,"bm":0,"nm":"Fill 1","mn":"ADBE Vector Graphic - Fill","hd":false},{"ty":"tr","p":{"a":0,"k":[0,0],"ix":2},"a":{"a":0,"k":[0,0],"ix":1},"s":{"a":0,"k":[100,100],"ix":3},"r":{"a":0,"k":0,"ix":6},"o":{"a":0,"k":100,"ix":7},"sk":{"a":0,"k":0,"ix":4},"sa":{"a":0,"k":0,"ix":5},"nm":"Transform"}],"nm":"Group 23","np":2,"cix":2,"bm":0,"ix":23,"mn":"ADBE Vector Group","hd":false},{"ty":"gr","it":[{"ind":0,"ty":"sh","ix":1,"ks":{"a":0,"k":{"i":[[0,0],[0,0]],"o":[[0,0],[0,0]],"v":[[213.86,720.75],[244.86,720.75]],"c":false},"ix":2},"nm":"Path 1","mn":"ADBE Vector Shape - Group","hd":false},{"ty":"st","c":{"a":0,"k":[0.925490255917,0.690196078431,0.262745098039,1],"ix":3},"o":{"a":0,"k":100,"ix":4},"w":{"a":0,"k":5,"ix":5},"lc":2,"lj":2,"bm":0,"nm":"Stroke 1","mn":"ADBE Vector Graphic - Stroke","hd":false},{"ty":"tr","p":{"a":0,"k":[0,0],"ix":2},"a":{"a":0,"k":[0,0],"ix":1},"s":{"a":0,"k":[100,100],"ix":3},"r":{"a":0,"k":0,"ix":6},"o":{"a":0,"k":100,"ix":7},"sk":{"a":0,"k":0,"ix":4},"sa":{"a":0,"k":0,"ix":5},"nm":"Transform"}],"nm":"Group 24","np":2,"cix":2,"bm":0,"ix":24,"mn":"ADBE Vector Group","hd":false},{"ty":"gr","it":[{"ind":0,"ty":"sh","ix":1,"ks":{"a":0,"k":{"i":[[0,0],[0,0]],"o":[[0,0],[0,0]],"v":[[213.86,720.75],[244.861,720.75]],"c":true},"ix":2},"nm":"Path 1","mn":"ADBE Vector Shape - Group","hd":false},{"ty":"fl","c":{"a":0,"k":[1,1,1,1],"ix":4},"o":{"a":0,"k":100,"ix":5},"r":1,"bm":0,"nm":"Fill 1","mn":"ADBE Vector Graphic - Fill","hd":false},{"ty":"tr","p":{"a":0,"k":[0,0],"ix":2},"a":{"a":0,"k":[0,0],"ix":1},"s":{"a":0,"k":[100,100],"ix":3},"r":{"a":0,"k":0,"ix":6},"o":{"a":0,"k":100,"ix":7},"sk":{"a":0,"k":0,"ix":4},"sa":{"a":0,"k":0,"ix":5},"nm":"Transform"}],"nm":"Group 25","np":2,"cix":2,"bm":0,"ix":25,"mn":"ADBE Vector Group","hd":false},{"ty":"gr","it":[{"ind":0,"ty":"sh","ix":1,"ks":{"a":0,"k":{"i":[[0,0],[0,0]],"o":[[0,0],[0,0]],"v":[[-1.354,-21.458],[1.354,21.458]],"c":false},"ix":2},"nm":"Path 1","mn":"ADBE Vector Shape - Group","hd":false},{"ty":"st","c":{"a":0,"k":[0.925490255917,0.690196078431,0.262745098039,1],"ix":3},"o":{"a":0,"k":100,"ix":4},"w":{"a":0,"k":5,"ix":5},"lc":2,"lj":2,"bm":0,"nm":"Stroke 1","mn":"ADBE Vector Graphic - Stroke","hd":false},{"ty":"fl","c":{"a":0,"k":[1,1,1,1],"ix":4},"o":{"a":0,"k":100,"ix":5},"r":1,"bm":0,"nm":"Fill 1","mn":"ADBE Vector Graphic - Fill","hd":false},{"ty":"tr","p":{"a":0,"k":[229.442,734.284],"ix":2},"a":{"a":0,"k":[0,0],"ix":1},"s":{"a":0,"k":[100,100],"ix":3},"r":{"a":0,"k":0,"ix":6},"o":{"a":0,"k":100,"ix":7},"sk":{"a":0,"k":0,"ix":4},"sa":{"a":0,"k":0,"ix":5},"nm":"Transform"}],"nm":"Group 26","np":3,"cix":2,"bm":0,"ix":26,"mn":"ADBE Vector Group","hd":false},{"ty":"gr","it":[{"ind":0,"ty":"sh","ix":1,"ks":{"a":0,"k":{"i":[[0,0],[0,0]],"o":[[0,0],[0,0]],"v":[[1,-21.5],[-1,21.5]],"c":false},"ix":2},"nm":"Path 1","mn":"ADBE Vector Shape - Group","hd":false},{"ty":"st","c":{"a":0,"k":[0.925490255917,0.690196078431,0.262745098039,1],"ix":3},"o":{"a":0,"k":100,"ix":4},"w":{"a":0,"k":5,"ix":5},"lc":2,"lj":2,"bm":0,"nm":"Stroke 1","mn":"ADBE Vector Graphic - Stroke","hd":false},{"ty":"fl","c":{"a":0,"k":[1,1,1,1],"ix":4},"o":{"a":0,"k":100,"ix":5},"r":1,"bm":0,"nm":"Fill 1","mn":"ADBE Vector Graphic - Fill","hd":false},{"ty":"tr","p":{"a":0,"k":[290.36,733.75],"ix":2},"a":{"a":0,"k":[0,0],"ix":1},"s":{"a":0,"k":[100,100],"ix":3},"r":{"a":0,"k":0,"ix":6},"o":{"a":0,"k":100,"ix":7},"sk":{"a":0,"k":0,"ix":4},"sa":{"a":0,"k":0,"ix":5},"nm":"Transform"}],"nm":"Group 27","np":3,"cix":2,"bm":0,"ix":27,"mn":"ADBE Vector Group","hd":false},{"ty":"gr","it":[{"ind":0,"ty":"sh","ix":1,"ks":{"a":0,"k":{"i":[[0,0],[0,0],[0,0],[0,0]],"o":[[0,0],[0,0],[0,0],[0,0]],"v":[[-44.5,39],[46.5,38],[57.5,-39],[-57.5,-39]],"c":true},"ix":2},"nm":"Path 1","mn":"ADBE Vector Shape - Group","hd":false},{"ty":"fl","c":{"a":0,"k":[0.988235353956,0.745098039216,0.282352941176,1],"ix":4},"o":{"a":0,"k":100,"ix":5},"r":1,"bm":0,"nm":"Fill 1","mn":"ADBE Vector Graphic - Fill","hd":false},{"ty":"tr","p":{"a":0,"k":[259.86,726.25],"ix":2},"a":{"a":0,"k":[0,0],"ix":1},"s":{"a":0,"k":[100,100],"ix":3},"r":{"a":0,"k":0,"ix":6},"o":{"a":0,"k":100,"ix":7},"sk":{"a":0,"k":0,"ix":4},"sa":{"a":0,"k":0,"ix":5},"nm":"Transform"}],"nm":"Group 28","np":2,"cix":2,"bm":0,"ix":28,"mn":"ADBE Vector Group","hd":false},{"ty":"gr","it":[{"ind":0,"ty":"sh","ix":1,"ks":{"a":0,"k":{"i":[[0,0],[0,0]],"o":[[0,0],[0,0]],"v":[[-10.719,-48.984],[10.719,48.984]],"c":false},"ix":2},"nm":"Path 1","mn":"ADBE Vector Shape - Group","hd":false},{"ty":"st","c":{"a":0,"k":[0,0,0,1],"ix":3},"o":{"a":0,"k":100,"ix":4},"w":{"a":0,"k":5,"ix":5},"lc":1,"lj":1,"ml":10,"bm":0,"nm":"Stroke 1","mn":"ADBE Vector Graphic - Stroke","hd":false},{"ty":"tr","p":{"a":0,"k":[210.761,627.267],"ix":2},"a":{"a":0,"k":[0,0],"ix":1},"s":{"a":0,"k":[100,100],"ix":3},"r":{"a":0,"k":0,"ix":6},"o":{"a":0,"k":100,"ix":7},"sk":{"a":0,"k":0,"ix":4},"sa":{"a":0,"k":0,"ix":5},"nm":"Transform"}],"nm":"Group 29","np":2,"cix":2,"bm":0,"ix":29,"mn":"ADBE Vector Group","hd":false},{"ty":"gr","it":[{"ind":0,"ty":"sh","ix":1,"ks":{"a":0,"k":{"i":[[0,0],[0,0]],"o":[[0,0],[0,0]],"v":[[10.719,-48.984],[-10.719,48.984]],"c":false},"ix":2},"nm":"Path 1","mn":"ADBE Vector Shape - Group","hd":false},{"ty":"st","c":{"a":0,"k":[0,0,0,1],"ix":3},"o":{"a":0,"k":100,"ix":4},"w":{"a":0,"k":5,"ix":5},"lc":1,"lj":1,"ml":10,"bm":0,"nm":"Stroke 1","mn":"ADBE Vector Graphic - Stroke","hd":false},{"ty":"tr","p":{"a":0,"k":[308.793,621.866],"ix":2},"a":{"a":0,"k":[0,0],"ix":1},"s":{"a":0,"k":[100,100],"ix":3},"r":{"a":0,"k":0,"ix":6},"o":{"a":0,"k":100,"ix":7},"sk":{"a":0,"k":0,"ix":4},"sa":{"a":0,"k":0,"ix":5},"nm":"Transform"}],"nm":"Group 30","np":2,"cix":2,"bm":0,"ix":30,"mn":"ADBE Vector Group","hd":false},{"ty":"gr","it":[{"ind":0,"ty":"sh","ix":1,"ks":{"a":0,"k":{"i":[[0,0],[0,0]],"o":[[0,0],[0,0]],"v":[[3.645,-50.01],[-3.645,50.01]],"c":false},"ix":2},"nm":"Path 1","mn":"ADBE Vector Shape - Group","hd":false},{"ty":"st","c":{"a":0,"k":[0,0,0,1],"ix":3},"o":{"a":0,"k":100,"ix":4},"w":{"a":0,"k":5,"ix":5},"lc":1,"lj":1,"ml":10,"bm":0,"nm":"Stroke 1","mn":"ADBE Vector Graphic - Stroke","hd":false},{"ty":"tr","p":{"a":0,"k":[285.793,614.866],"ix":2},"a":{"a":0,"k":[0,0],"ix":1},"s":{"a":0,"k":[100,100],"ix":3},"r":{"a":0,"k":0,"ix":6},"o":{"a":0,"k":100,"ix":7},"sk":{"a":0,"k":0,"ix":4},"sa":{"a":0,"k":0,"ix":5},"nm":"Transform"}],"nm":"Group 31","np":2,"cix":2,"bm":0,"ix":31,"mn":"ADBE Vector Group","hd":false},{"ty":"gr","it":[{"ind":0,"ty":"sh","ix":1,"ks":{"a":0,"k":{"i":[[0,0],[0,0]],"o":[[0,0],[0,0]],"v":[[-3.644,-50.01],[3.644,50.01]],"c":false},"ix":2},"nm":"Path 1","mn":"ADBE Vector Shape - Group","hd":false},{"ty":"st","c":{"a":0,"k":[0,0,0,1],"ix":3},"o":{"a":0,"k":100,"ix":4},"w":{"a":0,"k":5,"ix":5},"lc":1,"lj":1,"ml":10,"bm":0,"nm":"Stroke 1","mn":"ADBE Vector Graphic - Stroke","hd":false},{"ty":"tr","p":{"a":0,"k":[232.793,614.866],"ix":2},"a":{"a":0,"k":[0,0],"ix":1},"s":{"a":0,"k":[100,100],"ix":3},"r":{"a":0,"k":0,"ix":6},"o":{"a":0,"k":100,"ix":7},"sk":{"a":0,"k":0,"ix":4},"sa":{"a":0,"k":0,"ix":5},"nm":"Transform"}],"nm":"Group 32","np":2,"cix":2,"bm":0,"ix":32,"mn":"ADBE Vector Group","hd":false}],"ip":0,"op":346.000014092869,"st":0,"bm":0},{"ddd":0,"ind":4,"ty":4,"nm":"clouds","parent":1,"sr":1,"ks":{"o":{"a":0,"k":100,"ix":11},"r":{"a":0,"k":0,"ix":10},"p":{"a":1,"k":[{"i":{"x":0.833,"y":0.833},"o":{"x":0.167,"y":0.167},"t":0,"s":[21,287,0],"to":[0,0,0],"ti":[0,0,0]},{"t":210.000008553475,"s":[958,287,0]}],"ix":2},"a":{"a":0,"k":[539.5,250.5,0],"ix":1},"s":{"a":0,"k":[85.854,84,100],"ix":6}},"ao":0,"shapes":[{"ty":"gr","it":[{"ind":0,"ty":"sh","ix":1,"ks":{"a":0,"k":{"i":[[-3.69,0.67],[0,0],[0,0],[0,0],[-9.158,-20.244],[1.15,-1.16],[-35.16,-130.18],[-26.4,-53.34],[-118.22,-35.55],[0,0],[-109.24,-13.29],[0.32,-2.19],[-30.54,-7.21],[0,0],[-65.43,-7.32],[-35,2],[-0.62,-1.74],[-44.329,-23.267],[0.496,31.427],[-4.645,8.386],[-13.334,8.48]],"o":[[0,0],[0,0],[0,0],[26.421,-0.18],[9.454,20.897],[1.83,-0.93],[0,0],[0,0],[118.22,35.55],[0,0],[84.7,10.31],[0.6,-1.6],[30.99,7.31],[0,0],[0,0],[43.54,-2.49],[-0.36,-2.51],[0,0],[-0.265,-16.784],[5.838,-8.281],[10.543,-6.996]],"v":[[545.489,-190.735],[538.5,235.555],[-555.224,243.879],[-552.014,-189.84],[-504.221,-150.122],[-489.311,-79.955],[-380.36,12.225],[-328.71,21.645],[-148.51,-30.645],[-19.96,99.025],[112.5,-30.445],[184.36,70.745],[236,21.645],[263.55,72.875],[342.75,12.225],[378.5,-45.445],[434.55,-13.985],[488.436,-57.975],[469.997,-121.006],[481.948,-158.081],[511.603,-186.747]],"c":true},"ix":2},"nm":"Path 1","mn":"ADBE Vector Shape - Group","hd":false},{"ty":"mm","mm":4,"nm":"Merge Paths 1","mn":"ADBE Vector Filter - Merge","hd":false},{"ty":"fl","c":{"a":0,"k":[0.952941236309,0.984313785329,1,1],"ix":4},"o":{"a":0,"k":100,"ix":5},"r":1,"bm":0,"nm":"Fill 1","mn":"ADBE Vector Graphic - Fill","hd":false},{"ty":"tr","p":{"a":0,"k":[539.75,262.695],"ix":2},"a":{"a":0,"k":[0,0],"ix":1},"s":{"a":0,"k":[100,100],"ix":3},"r":{"a":0,"k":-0.048,"ix":6},"o":{"a":0,"k":100,"ix":7},"sk":{"a":0,"k":0,"ix":4},"sa":{"a":0,"k":0,"ix":5},"nm":"Transform"}],"nm":"Group 1","np":3,"cix":2,"bm":0,"ix":1,"mn":"ADBE Vector Group","hd":false},{"ty":"gr","it":[{"ind":0,"ty":"sh","ix":1,"ks":{"a":0,"k":{"i":[[0,0],[0,0],[0,0],[-22.643,-15.679],[3.59,-12],[-17,-24],[1.35,-1.73],[-39.05,-28.31],[-0.19,-41],[-22.97,-4],[1.25,-5.09],[-29.01,6.68],[0,0],[-18.37,-5],[0,0],[-20.66,-7],[0.71,-3.57],[-21.57,-3.75],[0,0],[-30,-17],[-68,7],[0,0],[-21.81,-4.15],[0.2,-1.41],[-41.32,-7.78],[-68.89,-51],[-33.29,-9],[-58.34,20.54],[-14.37,-6.9],[-0.37,-0.19],[-1.46,-0.99],[1.947,2.685],[-17.736,1.202]],"o":[[0,0],[0,0],[22.678,-12.486],[29.58,29.18],[0,0],[24.75,34.94],[1.91,-2.06],[0,0],[0,0],[17.64,3.07],[2.86,-7.99],[42.8,-9.86],[0,0],[18.37,5],[0,0],[19.56,6.62],[0.82,-3],[22.96,4],[0,0],[0,0],[54.17,-5.58],[0,0],[20.42,3.89],[0.57,-1.44],[0,0],[0,0],[0,0],[15.07,-5.3],[0.37,0.17],[1.72,0.86],[-0.24,-0.21],[-17.155,-23.662],[2.845,-0.193]],"v":[[538.5,250.97],[-547.653,253.972],[-549.401,-227.336],[-459.236,-217],[-438.09,-138],[-377.5,-130],[-377.16,-63.08],[-295.5,-80],[-269.31,-26],[-245.19,-48],[-229.46,-28.5],[-186.5,-68],[-125.78,-45],[-99.37,-61],[-79.85,-32],[-46.56,-60],[-33.86,-16.3],[-4.07,-40],[23.48,-16],[63.5,-32],[141.5,-104],[223.27,-60],[252.5,-80],[269.21,-49.06],[322.01,-69],[419.61,-86],[452.9,-107],[477.83,-182.51],[523.88,-180.35],[524.99,-179.81],[529.8,-177.02],[525.58,-181.04],[545.706,-229.714]],"c":true},"ix":2},"nm":"Path 1","mn":"ADBE Vector Shape - Group","hd":false},{"ty":"mm","mm":4,"nm":"Merge Paths 1","mn":"ADBE Vector Filter - Merge","hd":false},{"ty":"fl","c":{"a":0,"k":[0.80210684982,0.925896139706,0.998713235294,1],"ix":4},"o":{"a":0,"k":100,"ix":5},"r":1,"bm":0,"nm":"Fill 1","mn":"ADBE Vector Graphic - Fill","hd":false},{"ty":"tr","p":{"a":0,"k":[539.75,249.25],"ix":2},"a":{"a":0,"k":[0,0],"ix":1},"s":{"a":0,"k":[100,100],"ix":3},"r":{"a":0,"k":0,"ix":6},"o":{"a":0,"k":100,"ix":7},"sk":{"a":0,"k":0,"ix":4},"sa":{"a":0,"k":0,"ix":5},"nm":"Transform"}],"nm":"Group 2","np":3,"cix":2,"bm":0,"ix":2,"mn":"ADBE Vector Group","hd":false}],"ip":0,"op":346.000014092869,"st":0,"bm":0},{"ddd":0,"ind":5,"ty":4,"nm":"clouds 2","parent":4,"sr":1,"ks":{"o":{"a":0,"k":100,"ix":11},"r":{"a":0,"k":0,"ix":10},"p":{"a":0,"k":[-557.081,251.69,0],"ix":2},"a":{"a":0,"k":[539.5,250.5,0],"ix":1},"s":{"a":0,"k":[100,100,100],"ix":6}},"ao":0,"shapes":[{"ty":"gr","it":[{"ind":0,"ty":"sh","ix":1,"ks":{"a":0,"k":{"i":[[-3.69,0.67],[0,0],[0,0],[0,0],[-11.436,-19.216],[1.15,-1.16],[-35.16,-130.18],[-26.4,-53.34],[-118.22,-35.55],[0,0],[-109.24,-13.29],[0.32,-2.19],[-30.54,-7.21],[0,0],[-65.43,-7.32],[-35,2],[-0.62,-1.74],[-44.329,-23.267],[0.496,31.427],[-4.645,8.386],[-13.334,8.48]],"o":[[0,0],[0,0],[0,0],[13.651,-3.907],[14.865,24.976],[1.83,-0.93],[0,0],[0,0],[118.22,35.55],[0,0],[84.7,10.31],[0.6,-1.6],[30.99,7.31],[0,0],[0,0],[43.54,-2.49],[-0.36,-2.51],[0,0],[-0.265,-16.784],[5.838,-8.281],[17.769,-8.186]],"v":[[545.489,-190.735],[547.818,235.555],[-544.159,243.889],[-547.362,-186.86],[-501.891,-157.265],[-489.311,-79.956],[-380.36,12.225],[-328.71,21.645],[-148.51,-30.645],[-19.96,99.025],[112.5,-30.445],[184.36,70.745],[236,21.645],[263.55,72.875],[342.75,12.225],[378.5,-45.445],[434.55,-13.985],[488.436,-57.975],[469.997,-121.006],[481.948,-158.081],[511.603,-186.747]],"c":true},"ix":2},"nm":"Path 1","mn":"ADBE Vector Shape - Group","hd":false},{"ty":"mm","mm":4,"nm":"Merge Paths 1","mn":"ADBE Vector Filter - Merge","hd":false},{"ty":"fl","c":{"a":0,"k":[0.952941236309,0.984313785329,1,1],"ix":4},"o":{"a":0,"k":100,"ix":5},"r":1,"bm":0,"nm":"Fill 1","mn":"ADBE Vector Graphic - Fill","hd":false},{"ty":"tr","p":{"a":0,"k":[539.75,262.695],"ix":2},"a":{"a":0,"k":[0,0],"ix":1},"s":{"a":0,"k":[100,100],"ix":3},"r":{"a":0,"k":0,"ix":6},"o":{"a":0,"k":100,"ix":7},"sk":{"a":0,"k":0,"ix":4},"sa":{"a":0,"k":0,"ix":5},"nm":"Transform"}],"nm":"Group 1","np":3,"cix":2,"bm":0,"ix":1,"mn":"ADBE Vector Group","hd":false},{"ty":"gr","it":[{"ind":0,"ty":"sh","ix":1,"ks":{"a":0,"k":{"i":[[0,0],[0,0],[0,0],[-22.643,-15.679],[3.59,-12],[-17,-24],[1.35,-1.73],[-39.05,-28.31],[-0.19,-41],[-22.97,-4],[1.25,-5.09],[-29.01,6.68],[0,0],[-18.37,-5],[0,0],[-20.66,-7],[0.71,-3.57],[-21.57,-3.75],[0,0],[-30,-17],[-68,7],[0,0],[-21.81,-4.15],[0.2,-1.41],[-41.32,-7.78],[-68.89,-51],[-33.29,-9],[-58.34,20.54],[-14.37,-6.9],[-0.37,-0.19],[-1.46,-0.99],[1.947,2.685],[-17.736,1.202]],"o":[[0,0],[0,0],[28.502,-19.629],[29.58,29.18],[0,0],[24.75,34.94],[1.91,-2.06],[0,0],[0,0],[17.64,3.07],[2.86,-7.99],[42.8,-9.86],[0,0],[18.37,5],[0,0],[19.56,6.62],[0.82,-3],[22.96,4],[0,0],[0,0],[54.17,-5.58],[0,0],[20.42,3.89],[0.57,-1.44],[0,0],[0,0],[0,0],[15.07,-5.3],[0.37,0.17],[1.72,0.86],[-0.24,-0.21],[-17.155,-23.662],[2.845,-0.193]],"v":[[538.5,250.97],[-547.653,253.972],[-542.994,-221.979],[-459.236,-217],[-438.09,-138],[-377.5,-130],[-377.16,-63.08],[-295.5,-80],[-269.31,-26],[-245.19,-48],[-229.46,-28.5],[-186.5,-68],[-125.78,-45],[-99.37,-61],[-79.85,-32],[-46.56,-60],[-33.86,-16.3],[-4.07,-40],[23.48,-16],[63.5,-32],[141.5,-104],[223.27,-60],[252.5,-80],[269.21,-49.06],[322.01,-69],[419.61,-86],[452.9,-107],[477.83,-182.51],[523.88,-180.35],[524.99,-179.81],[529.8,-177.02],[525.58,-181.04],[550.365,-229.714]],"c":true},"ix":2},"nm":"Path 1","mn":"ADBE Vector Shape - Group","hd":false},{"ty":"mm","mm":4,"nm":"Merge Paths 1","mn":"ADBE Vector Filter - Merge","hd":false},{"ty":"fl","c":{"a":0,"k":[0.80210684982,0.925896139706,0.998713235294,1],"ix":4},"o":{"a":0,"k":100,"ix":5},"r":1,"bm":0,"nm":"Fill 1","mn":"ADBE Vector Graphic - Fill","hd":false},{"ty":"tr","p":{"a":0,"k":[539.75,249.25],"ix":2},"a":{"a":0,"k":[0,0],"ix":1},"s":{"a":0,"k":[100,100],"ix":3},"r":{"a":0,"k":0,"ix":6},"o":{"a":0,"k":100,"ix":7},"sk":{"a":0,"k":0,"ix":4},"sa":{"a":0,"k":0,"ix":5},"nm":"Transform"}],"nm":"Group 2","np":3,"cix":2,"bm":0,"ix":2,"mn":"ADBE Vector Group","hd":false}],"ip":0,"op":346.000014092869,"st":0,"bm":0},{"ddd":0,"ind":6,"ty":4,"nm":"sky bkg","parent":1,"sr":1,"ks":{"o":{"a":0,"k":100,"ix":11},"r":{"a":0,"k":0,"ix":10},"p":{"a":0,"k":[0,0,0],"ix":2},"a":{"a":0,"k":[0,0,0],"ix":1},"s":{"a":0,"k":[100,100,100],"ix":6}},"ao":0,"shapes":[{"ty":"gr","it":[{"ty":"rc","d":1,"s":{"a":0,"k":[971.016,1070.391],"ix":2},"p":{"a":0,"k":[0,0],"ix":3},"r":{"a":0,"k":0,"ix":4},"nm":"Rectangle Path 1","mn":"ADBE Vector Shape - Rect","hd":false},{"ty":"fl","c":{"a":0,"k":[0.655492625517,0.82554770077,0.92662377451,1],"ix":4},"o":{"a":0,"k":100,"ix":5},"r":1,"bm":0,"nm":"Fill 1","mn":"ADBE Vector Graphic - Fill","hd":false},{"ty":"tr","p":{"a":0,"k":[9.008,21.195],"ix":2},"a":{"a":0,"k":[0,0],"ix":1},"s":{"a":0,"k":[100,102.4],"ix":3},"r":{"a":0,"k":0,"ix":6},"o":{"a":0,"k":100,"ix":7},"sk":{"a":0,"k":0,"ix":4},"sa":{"a":0,"k":0,"ix":5},"nm":"Transform"}],"nm":"Rectangle 1","np":3,"cix":2,"bm":0,"ix":1,"mn":"ADBE Vector Group","hd":false}],"ip":0,"op":346.000014092869,"st":0,"bm":0}],"markers":[]}