{
  "project_info": {
    "project_number": "12067241649",
    "project_id": "eastravel-139ce",
    "storage_bucket": "eastravel-139ce.appspot.com"
  },
  "client": [
    {
      "client_info": {
        "mobilesdk_app_id": "1:12067241649:android:786d63ba5c3c6efa032c90",
        "android_client_info": {
          "package_name": "com.example.eastravel"
        }
      },
      "oauth_client": [
        {
          "client_id": "12067241649-j99v6j76okqpallsn2hl2la8secrmvt1.apps.googleusercontent.com",
          "client_type": 3
        }
      ],
      "api_key": [
        {
          "current_key": "AIzaSyBfatvhDVslBEscD9ua4ZRDKvyc0ql8I7Y"
        }
      ],
      "services": {
        "appinvite_service": {
          "other_platform_oauth_client": [
            {
              "client_id": "12067241649-j99v6j76okqpallsn2hl2la8secrmvt1.apps.googleusercontent.com",
              "client_type": 3
            }
          ]
        }
      }
    }
  ],
  "configuration_version": "1"
}